Name,URL,Title
adams,https://www.adamscountycourts.com/CountyCourt/home/,Adams County Court
adams,https://www.adamscountycourts.com/pdf/localRulesCC-20190213.pdf,Local Rules
adams,https://adamscountycourts.com/CommonPleasCourt/home/,Adams County Court of Common Pleas
adams,https://adamscountycourts.com/pdf/localRules-20190628.pdf,Local Rules
allen,http://www.allencountyohio.com/domestic/cdom.php,"Allen County Court of Common Pleas, Domestic Relations Division"
allen,https://www.allencountyohio.com/wp-content/uploads/2017/05/drlocalrules.pdf,Local Rules
allen,http://www.co.allen.oh.us/commonpleas/ccom.php,"Allen County Court of Common Pleas, General Division"
allen,https://clerkofcourts.allencountyohio.com/wp-content/uploads/2022/03/Local-Rules-and-Forms-w-AppendixA-2022.pdf,Local Rules
allen,http://www.allenohiojuvenile.com/,"Allen County Court of Common Pleas,  Juvenile and Probate Divisions"
allen,https://allenohioprobate.com/local-rules/,Local Rules
allen,http://www.limamunicipalcourt.org/,Lima Municipal Court
allen,http://www.cityhall.lima.oh.us/DocumentCenter/View/1179,Local Rules
ashland,http://www.ashlandcommonpleas.com/,"Ashland County Court of Common Pleas, General & Domestic Relations Divisions"
ashland,http://www.ashlandcommonpleas.com/Forms/Local%20Rules.pdf,Local Rules
ashland,https://www.ashlandcounty.org/juvenilecourt/,"Ashland County Court of Common Pleas,  Juvenile Division"
ashland,https://acjuvenileprobate.org/pdf/localRulesJUV-20210128.pdf,Local Rules
ashland,https://www.ashlandcounty.org/juvenilecourt/,"Ashland County Court of Common Pleas,  Probate Division"
ashland,https://acjuvenileprobate.org/pdf/localRules-20201210.pdf,Local Rules
ashland,http://www.ashlandmunicourt.com/,Ashland Municipal Court
ashland,https://www.ashlandmunicourt.com/wp-content/uploads/2022/06/ashland_municipal_court_local_rules_of_court_and_case_management.pdf,Local Rules
ashtabula,http://courts.co.ashtabula.oh.us/eastern_county_court.htm,"Ashtabula County Court, Eastern Division"
ashtabula,http://courts.co.ashtabula.oh.us/ea_localrules.htm,Local Rules
ashtabula,http://courts.co.ashtabula.oh.us/,"Ashtabula County Court of Common Pleas, General & Domestic Relations Divisions"
ashtabula,http://courts.co.ashtabula.oh.us/rules/cpRules.pdf,Local Rules
ashtabula,http://courts.co.ashtabula.oh.us/juvenile_court.htm,"Ashtabula County Court of Common Pleas, Juvenile Division"
ashtabula,http://courts.co.ashtabula.oh.us/jv_localrules.htm,Local Rules
ashtabula,http://courts.co.ashtabula.oh.us/probate_court.htm,"Ashtabula County Court of Common Pleas, Probate Division"
ashtabula,http://courts.co.ashtabula.oh.us/rules/pbRules.pdf,Local Rules
ashtabula,http://courts.co.ashtabula.oh.us/western_county_court.htm,"Ashtabula County Court, Western Division"
ashtabula,http://courts.co.ashtabula.oh.us/we_localrules.htm,Local Rules
ashtabula,http://www.ashtabulamunicourt.com/,Ashtabula Municipal Court
ashtabula,http://www.ashtabulamunicourt.com/wordpress/wp-content/uploads/AMENDED-LOCAL-RULES-SEPT.-20-2021.pdf,Local Rules
ashtabula,http://www.conneautohio.gov/departments/conneaut_municipal_court/index.php,Conneaut Municipal Court
ashtabula,/docs/Clerk/Local Rules/conneautMC.pdf,Local Rules
athens,http://www.co.athensoh.org/departments/common_pleas_court.php,"Athens     County Court of Common Pleas, General and Domestic Relations Divisions"
athens,http://www.co.athensoh.org/departments/common_pleas_court.php#revize_document_center_rz707,Local Rules
athens,https://www.athenscountypjcourt.com/,"Athens County Court of Common Pleas, Juvenile Division"
athens,/docs/Clerk/Local Rules/athensCoJD.pdf,Local Rules
athens,https://www.athenscountypjcourt.com/,"Athens County Court of Common Pleas, Probate Division"
athens,/docs/Clerk/Local Rules/athensCoPD.pdf,Local Rules
athens,http://www.ci.athens.oh.us/index.aspx?NID=108,Athens County Municipal Court
athens,http://www.ci.athens.oh.us/DocumentCenter/Home/View/61,Local Rules
auglaize,https://www2.auglaizecounty.org/courts/court-common-pleas-criminal-and-civil-divisions,Auglaize County Court of Common Pleas
auglaize,https://www2.auglaizecounty.org/sites/default/files/documents/Local Rules of Court Effective July 1%2C 2005%3B Revised January 12%2C 2022.pdf,Local Rules
auglaize,https://www2.auglaizecounty.org/courts/municipal-court,Auglaize County Municipal Court
auglaize,https://www2.auglaizecounty.org/sites/default/files/documents/Auglaize County Municipal Court Local Rules 2021.pdf,Local Rules
belmont,http://belmontcountycommonpleas.org/,"Belmont County Court of Common Pleas, General & Domestic Relations Divisions"
belmont,http://belmontcountycoc.org/local-rules,Local Rules
belmont,http://belmontcountyjuvenilecourt.com/,"Belmont County Court of Common Pleas, Juvenile & Probate Divisions"
belmont,http://belmontcountyjuvenilecourt.com/local-rules,Local Rules
belmont,http://www.belmontcountycourts.com/,"Belmont County Court, Northern, Eastern, & Western Divisions"
belmont,/docs/Clerk/Local Rules/belmontCC.pdf,Local Rules
brown,http://browncountyohiocommonpleascourt.us/,"Brown County Court of Common Pleas, General & Domestic Relations Divisions"
brown,http://browncountyohiocommonpleascourt.us/local-rules/local-rules.html,Local Rules
brown,http://www.browncountyohio.gov/index.php/probatejuvenile-judge36,"Brown County Court of Common Pleas, Juvenile Division"
brown,/docs/Clerk/Local Rules/brownCoJD.pdf,Local Rules
brown,http://www.browncountyohio.gov/index.php/probatejuvenile-judge36,"Brown County Court of Common Pleas, Probate Division"
brown,/docs/Clerk/Local Rules/brownCoPD.pdf,Local Rules
brown,https://www.clerkofcourtsbrowncountyohio.org/homeMC.php,Brown     County Municipal Court
brown,https://www.clerkofcourtsbrowncountyohio.org/rulesMC.php,Local Rules
butler,http://www.bcareacourts.org/,"Butler County Area  Courts I, II, and III"
butler,https://areacourts.bcohio.gov/local rules 2023.pdf,Local Rules
butler,http://www.butlercountydrcourt.org/,"Butler County Court of Common Pleas, Domestic Relations Division"
butler,https://cms5.revize.com/revize/butlercountydrc/documents/Local%20Court%20Rules.pdf,Local Rules
butler,http://www.bccommonpleas.org/,"Butler County Court of Common Pleas, General Division"
butler,https://cms5.revize.com/revize/butlercommonpleas/Local_Rules/Local Rules - Revised September 2022.pdf,Local Rules
butler,http://www.butlercountyohio.org/juvenilejusticecenter/,"Butler     County Court of Common Pleas, Juvenile Division"
butler,http://www.butlercountyohio.org/juvenilejusticecenter/index.cfm?page=localRules,Local Rules
butler,http://www.butlercountyprobatecourt.org/,"Butler County Court of Common Pleas, Probate Division"
butler,https://probatecourt.bcohio.gov/pdf/localRules-20221202.pdf,Local Rules
butler,http://www.fairfield-city.org/316/Municipal-Court,Fairfield Municipal Court
butler,http://www.fairfield-city.org/345/Court-Rules,Local Rules
butler,http://www.hamiltonmunicipalcourt.org/,Hamilton Municipal Court
butler,http://www.hamiltonmunicipalcourt.org/HMCCOURTRULES2022.PDF,Local Rules
butler,https://www.cityofmiddletown.org/284/Municipal-Court,Middletown Municipal Court
butler,https://www.cityofmiddletown.org/DocumentCenter/View/1053/Court-Rules-2018-PDF,Local Rules
carroll,http://carrollcountyohio.us/agencies-and-departments/courts/court-of-common-pleas/,"Carroll County Court of Common Pleas, General & Domestic Relations Divisions"
carroll,https://carrollcountyohio.us/agencies-and-departments/courts/court-of-common-pleas/,Local Rules
carroll,http://www.carrollprobatejuvenilecourt.com/,"Carroll County Court of Common Pleas, Probate & Juvenile Divisions"
carroll,http://www.carrollprobatejuvenilecourt.com/rules.php,Local Rules
carroll,http://www.carrollcountycourt.org/,Carroll County Municipal Court
carroll,/docs/Clerk/Local Rules/carrollMc.pdf,Local Rules
champaign,http://www.champaigncourt.org/190/Home,"Champaign County Court of Common Pleas, General Division"
champaign,http://www.champaigncourt.org/150/Rules-of-Court,Local Rules
champaign,http://www.ccfamct.us/,Champaign County Family Court
champaign,http://www.ccfamct.us/court-rules,Local Rules
champaign,http://www.champaigncountymunicipalcourt.com/,ChampaignCounty Municipal Court
champaign,http://www.champaigncountymunicipalcourt.com/court-rules,Local Rules
clark,http://www.clarkcountyohio.gov/index.aspx?nid=93,"Clark County Court of Common Pleas, Domestic Relations Division, Adult Section"
clark,http://www.clarkcountyohio.gov/DocumentCenter/View/2787,Local Rules
clark,https://www.clarkohiojuvcourt.us/,"Clark County Court of Common Pleas, Domestic Relations Division, Juvenile Section"
clark,https://www.clarkohiojuvcourt.us/wp-content/uploads/2023/01/Local-Rules-2023.pdf,Local Rules
clark,http://www.clarkcountyohio.gov/index.aspx?nid=93,"Clark County Court of Common Pleas, General Division"
clark,http://www.clarkcountyohio.gov/DocumentCenter/View/3178,Local Rules
clark,http://www.probate.clarkcountyohio.gov/,"Clark County Court of Common Pleas, Probate Division"
clark,http://www.probate.clarkcountyohio.gov/pdf/courtRules-20180619.pdf,Local Rules
clark,http://www.clerkofcourts.municipal.co.clark.oh.us/,Clark County Municipal Court
clark,https://clerkofcourts.municipal.co.clark.oh.us/web.nsf/RulesPage?OpenForm,Local Rules
clermont,http://www.domesticcourt.org/,"Clermont County Court of Common Pleas, Domestic Relations Division"
clermont,https://www.domesticcourt.org/wp-content/uploads/sites/36/2018/08/local-rules-2017.pdf,Local Rules
clermont,http://www.clermontcommonpleas.com/,"Clermont County Court of Common Pleas, General Division"
clermont,http://www.clermontcommonpleas.com/localrules.aspx,Local Rules
clermont,https://probatejuvenile.clermontcountyohio.gov/,"Clermont County Court of Common Pleas, Juvenile Division"
clermont,https://probatejuvenile.clermontcountyohio.gov/wp-content/uploads/sites/42/2022/03/Juv-Local-Rule-36-Rev-3-9-2022-3.pdf,Local Rules
clermont,https://probatejuvenile.clermontcountyohio.gov/,"Clermont County Court of Common Pleas, Probate Division"
clermont,https://probatejuvenile.clermontcountyohio.gov/probate-court/local-rules/,Local Rules
clermont,https://municipal.clermontcountyohio.gov/,Clermont     County Municipal Court
clermont,https://municipal.clermontcountyohio.gov/wp-content/uploads/sites/37/2019/05/approved-local-rules.pdf,Local Rules
clinton,http://www.clintoncountycourts.org/CommonPleasCourt/home/,"Clinton County Court of Common Pleas, General & Domestic Relations Divisions"
clinton,http://www.clintoncountycourts.org/CommonPleasCourt/rules/,Local Rules
clinton,http://www.clintoncountycourts.org/JuvenileCourt/home/,"Clinton County Court of Common Pleas, Juvenile  Division"
clinton,http://www.clintoncountycourts.org/JuvenileCourt/rules/,Local Rules
clinton,http://www.clintoncountycourts.org/ProbateCourt/home/,"Clinton County Court of Common Pleas, Probate  Division"
clinton,http://www.clintoncountycourts.org/ProbateCourt/rules/,Local Rules
clinton,http://www.clintonmunicourt.org/,Clinton County Municipal Court
clinton,http://www.clintonmunicourt.org/rules.php,Local Rules
columbiana,https://www.ccclerk.org/common-pleas-court-2,"Columbiana County Court of Common Pleas, General & Domestic Relations Divisions"
columbiana,https://www.ccclerk.org/images/pdf/COURT_RULES.pdf,Local Rules
columbiana,http://www.ccjcourt.com/,"Columbiana County Court of Common Pleas,  Juvenile Division"
columbiana,https://d1ae2aa1-1bbb-4a73-a26c-96715bbc112c.filesusr.com/ugd/13f17c_bdec82cf0b7f4c4189ea3cf2883ab9b7.pdf,Local Rules
columbiana,https://47ce3616-e2e2-47d2-8b03-b0c277f9ddf6.filesusr.com/ugd/13f17c_bdfb00f28bcc40719270d769f9cb5470.pdf,Local Rules
columbiana,https://www.ccclerk.org/municipal-court,Columbiana County     Municipal Court
columbiana,https://www.ccclerk.org/images/pdf/2020-Muni-Local-Rules.PDF,Local Rules
columbiana,http://www.elcourt.org/,East Liverpool Municipal Court
columbiana,http://www.elcourt.org/Forms/court_rules2005.pdf,Local Rules
coshocton,http://www.commonpleas.coshoctoncounty.us/domesticgeneralinfo.php,"Coshocton     County Court of Common Pleas, Domestic Relations Division"
coshocton,http://commonpleas.coshoctoncounty.us/rulesofcourt.php,Local Rules
coshocton,http://www.commonpleas.coshoctoncounty.us/,"Coshocton     County Court of Common Pleas, General  Division"
coshocton,http://commonpleas.coshoctoncounty.us/rulesofcourt.php,Local Rules
coshocton,https://www.coshoctoncounty.net/probate/,"Coshocton County Court of Common Pleas, Probate and Juvenile Divisions"
coshocton,https://www.coshoctoncounty.net/probate/court-rules/,Local Rules
coshocton,http://www.coshoctonmunicipalcourt.com/,Coshocton Municipal Court
coshocton,http://www.coshoctonmunicipalcourt.com/rulescont.shtml,Local Rules
crawford,http://www.crawfordcocpcourt.org/,"Crawford County Court of Common Pleas, General & Domestic Relations Divisions"
crawford,https://www.crawfordcocpcourt.org/local-court-rules/,Local Rules
crawford,/docs/Clerk/Local Rules/crawfordCoJD.pdf,Local Rules
crawford,/docs/Clerk/Local Rules/crawfordCoPD.pdf,Local Rules
crawford,http://www.crawfordcountymuni.org/,Crawford County Municipal Court
crawford,/docs/Clerk/Local Rules/crawfordMC.pdf,Local Rules
cuyahoga,http://www.bedfordmuni.org/,Bedford     Municipal Court
cuyahoga,https://www.bedfordmuni.org/info/index/57,Local Rules
cuyahoga,http://www.bereamunicipalcourt.org/,Berea Municipal Court
cuyahoga,http://www.bereamunicourt.org/info.asp?pageId=57,Local Rules
cuyahoga,http://www.clevelandheightscourt.com/,Cleveland Heights Municipal Court
cuyahoga,http://clevelandmunicipalcourt.org/judicial-services/magistrates/local-rules-of-practice-and-procedure/rule-1-the-judiciary,Local Rules
cuyahoga,http://clevelandmunicipalcourt.org/home.html,Cleveland Municipal Court
cuyahoga,http://clevelandmunicipalcourt.org/general-division/meet-the-judges/local-rules-of-practice-and-procedure/rule-1-the-judiciary,Local Rules
cuyahoga,http://www.clevelandhousingcourt.org/,Cleveland Municipal Housing Court
cuyahoga,http://clevelandmunicipalcourt.org/docs/default-source/cleveland-housing-court/2022-journalized-local-rules-pdf52042c6cc4f76bf3972fff0000463da2.pdf?sfvrsn=69f3473d_0,Local Rules
cuyahoga,http://domestic.cuyahogacounty.us/en-US/home.aspx,"Cuyahoga County Court of Common Pleas, Domestic Relations Division"
cuyahoga,http://domestic.cuyahogacounty.us/en-US/court-rules.aspx,Local Rules
cuyahoga,http://cp.cuyahogacounty.us/internet/index.aspx,"Cuyahoga County Court of Common Pleas, General Division"
cuyahoga,http://cp.cuyahogacounty.us/internet/localRules.aspx,Local Rules
cuyahoga,http://juvenile.cuyahogacounty.us/en-US/home.aspx,"Cuyahoga County Court of Common Pleas, Juvenile Division"
cuyahoga,http://juvenile.cuyahogacounty.us/en-US/local-rules.aspx,Local Rules
cuyahoga,http://probate.cuyahogacounty.us/,"Cuyahoga County Court of Common Pleas, Probate Division"
cuyahoga,http://probate.cuyahogacounty.us/localrule.aspx,Local Rules
cuyahoga,http://www.eccourt.com/,East Cleveland Municipal Court
cuyahoga,http://www.eccourt.com/rules_29.html,Local Rules
cuyahoga,https://www.euclidmunicourt.com/,Euclid Municipal Court
cuyahoga,https://www.euclidmunicourt.com/media/0yvbuv4m/2023-local-rules.pdf,Local Rules
cuyahoga,https://www.ghmc.org/,Garfield Heights Municipal Court
cuyahoga,https://www.ghmc.org/about-the-court/local-rules-court,Local Rules
cuyahoga,http://www.lakewoodcourtoh.com/,Lakewood Municipal Court
cuyahoga,http://www.lakewoodcourtoh.com/rulesofcourt.html,Local Rules
cuyahoga,http://www.lyndhurstmunicipalcourt.org/,Lyndhurst Municipal Court
cuyahoga,http://www.lyndhurstmunicipalcourt.org/info.asp?pageId=57,Local Rules
cuyahoga,http://parmamunicourt.org/,Parma Municipal Court
cuyahoga,http://parmamunicourt.org/info/index/57,Local Rules
cuyahoga,http://rrcourt.net/,Rocky River Municipal Court
cuyahoga,http://rrcourt.net/CourtRules_5_1_17.pdf,Local Rules
cuyahoga,http://www.shakerheightscourt.org/home,Shaker Heights Municipal Court
cuyahoga,http://www.shakerheightscourt.org/info/index/102,Local Rules
cuyahoga,http://southeuclidcourt.com/,South Euclid Municipal Court
cuyahoga,http://southeuclidcourt.com/local-rules-of-court/,Local Rules
darke,http://darkecountycommonpleas.com/,"Darke County Court of Common Pleas, General & Domestic Relations Divisions"
darke,https://www.darkecountycommonpleas.com/rules_and_forms/index.php,Local Rules
darke,http://www.darkeprobatejuvenile.org/index.php,"Darke County Court of Common Pleas, Juvenile Division"
darke,https://darkeprobatejuvenile.org/juvRules.php,Local Rules
darke,http://www.darkeprobatejuvenile.org/,"Darke County Court of Common Pleas, Probate  Division"
darke,https://darkeprobatejuvenile.org/pdf/probateRules-20210914.pdf,Local Rules
darke,http://www.darkecourts.com/courts_index.html,Darke County Municipal Court
darke,http://www.darkecourts.com/PDFs/Darke_County_Local_Rules.pdf,Local Rules
defiance,http://www.defiance-county.com/common-pleas-court,"Defiance County Court of Common Pleas, General & Domestic Relations Divisions"
defiance,https://www.defiance-county.com/common-pleas-court/Local_Rules_-_1-31-23.pdf,Local Rules
defiance,http://www.defiance-county.com/probate-and-juvenile-court/index.php,"Defiance County Court of Common Pleas, Juvenile Division"
defiance,https://www.defiance-county.com/probate-and-juvenile-court/forms/juvenile-rules-01012022.pdf,Local Rules
defiance,http://www.defiance-county.com/probate-and-juvenile-court/index.php,"Defiance County Court of Common Pleas, Probate Division"
defiance,https://www.defiance-county.com/probate-and-juvenile-court/forms/probate-division-local-rules_2022.pdf,Local Rules
defiance,https://www.defiancemunicipalcourt.com/,Defiance Municipal Court
defiance,https://www.defiancemunicipalcourt.com/pdf/rules.pdf,Local Rules
delaware,http://www.co.delaware.oh.us/court/domestic/,"Delaware County Court of Common Pleas,  Domestic Relations Division"
delaware,https://www.co.delaware.oh.us/court/domestic/forms/Domestic%20Relations%20Division%20Local%20Rules%20March%202019.pdf,Local Rules
delaware,https://commonpleas.co.delaware.oh.us/,"Delaware County Court of Common Pleas, General   Division"
delaware,https://commonpleas.co.delaware.oh.us/court-rules-and-forms/,Local Rules
delaware,http://www.co.delaware.oh.us/court/juvenile/,"Delaware County Court of Common Pleas, Juvenile Division"
delaware,https://juvenile.co.delaware.oh.us/local-rules-forms/,Local Rules
delaware,https://probate.co.delaware.oh.us/,"Delaware County Court of Common Pleas, Probate Division"
delaware,https://probate.co.delaware.oh.us/localrules/,Local Rules
delaware,http://www.municipalcourt.org/,Delaware     Municipal Court
delaware,https://www.delawareohio.net/home/showpublisheddocument/1434/637625435724900000,Local Rules
erie,https://www.eriecounty.oh.gov/DomesticRelationsDivision.aspx,"Erie County Court of Common Pleas,  Domestic Relations Division"
erie,https://www.eriecounty.oh.gov/Downloads/rules_only.pdf,Local Rules
erie,https://www.eriecounty.oh.gov/GeneralDivision.aspx,"Erie County Court of Common Pleas, General Division"
erie,/docs/Clerk/Local Rules/erieCoGD.pdf,Local Rules
erie,https://www.eriecounty.oh.gov/JuvenileCourt.aspx,"Erie County Court of Common Pleas, Juvenile Division"
erie,https://www.eriecounty.oh.gov/RulesandForms.aspx,Local Rules
erie,https://www.eriecounty.oh.gov/ProbateCourt.aspx,"Erie County Court of Common Pleas, Probate Division"
erie,https://filecabinet9.eschoolview.com/0AEB9AF2-43DC-4EAF-A284-8C6909BE4A27/LocalCourtRules1991.pdf,Local Rules
erie,https://www.eriecounty.oh.gov/municipalcourt.aspx,Erie County Municipal Court
erie,https://www.eriecounty.oh.gov/LocalCourtRules.aspx,Local Rules
erie,http://www.huronmunicourt.us/,Huron Municipal Court
erie,http://www.huronmunicourt.us/rules.php,Local Rules
erie,http://www.sanduskymunicipalcourt.org/,Sandusky Municipal Court
erie,https://www.sanduskymunicipalcourt.org/pdf/localRules-20230124.pdf,Local Rules
erie,http://www.vermilionmunicipalcourt.org/,Vermilion Municipal Court
erie,http://www.vermilionmunicipalcourt.org/pdf/localRules-20181218.pdf,Local Rules
fairfield,http://www.co.fairfield.oh.us/dr/,"Fairfield County Court of Common Pleas, Domestic Relations Division"
fairfield,https://www.co.fairfield.oh.us/dr/FC-Local-Rules-of-Court.html,Local Rules
fairfield,http://www.co.fairfield.oh.us/Commonpleas/,"Fairfield County Court of Common Pleas, General Division"
fairfield,https://www.co.fairfield.oh.us/Commonpleas/pdf/Common-Pleas-Court-General-Divsion-Local-Rules.pdf,Local Rules
fairfield,http://www.fairfieldcountyprobate.com/,"Fairfield County Court of Common Pleas, Juvenile Division"
fairfield,http://www.fairfieldcountyprobate.com/pdf/jrules.pdf,Local Rules
fairfield,http://www.fairfieldcountyprobate.com/,"Fairfield County Court of Common Pleas, Probate Division"
fairfield,http://www.fairfieldcountyprobate.com/pdf/prules.pdf,Local Rules
fairfield,http://www.fcmcourt.org/default.aspx,Fairfield County Municipal Court
fairfield,https://www.fcmcourt.org/court_rules_and_procedures,Local Rules
fayette,https://www.fayette-co-oh.com/268/Domestic-Relations-Court,"Fayette County Court of Common Pleas, Domestic Relations Division"
fayette,https://www.fayette-co-oh.com/DocumentCenter/View/367/Local-Rules-of-Practice-PDF,Local Rules
fayette,https://www.fayette-co-oh.com/267/Common-Pleas-Court,"Fayette County Court of Common Pleas, General Division"
fayette,https://files4.1.revize.com/fayettecountyoh/document_center/Government/Clerk of court/Fayette County Rules of Practice 2022 Filed.pdf,Local Rules
fayette,https://www.fayette-co-oh.com/269/Juvenile-Court,"Fayette County Court of Common Pleas, Juvenile Division"
fayette,https://www.fayette-co-oh.com/DocumentCenter/View/636/Juvenile-Court-Rules-2023-PDF,Local Rules
fayette,https://www.fayette-co-oh.com/272/Probate-Court,"Fayette County Court of Common Pleas, Probate Division"
fayette,https://www.fayette-co-oh.com/DocumentCenter/View/637/Probate-Court-Rules-2023-PDF,Local Rules
fayette,http://74.219.179.50/,Washington Courthouse Municipal Court
fayette,http://74.219.179.50/rules.shtml,Local Rules
franklin,https://drj.fccourts.org/DRJ.aspx?PN=Domestic.htm,"Franklin County Court of Common Pleas, Domestic Relations Division"
franklin,https://drj.fccourts.org/Rules.aspx?rtype=D&rid=1,Local Rules
franklin,https://www.fccourts.org/,"Franklin County Court of Common Pleas, General Division"
franklin,https://www.fccourts.org/173/Local-Rules,Local Rules
franklin,https://drj.fccourts.org/DRJ.aspx?PN=Juvenile.htm,"Franklin County Court of Common Pleas, Juvenile Division"
franklin,https://drj.fccourts.org/Rules.aspx?rtype=J&rid=1,Local Rules
franklin,http://probate.franklincountyohio.gov/,"Franklin County Court of Common Pleas, Probate Division"
franklin,https://probate.franklincountyohio.gov/PBCT-website/media/Documents/PDF/Local-Rules-of-Court-January-2022.pdf,Local Rules
franklin,https://municipalcourt.franklincountyohio.gov/,Franklin     County Municipal Court
franklin,https://municipalcourt.franklincountyohio.gov/About/Local-Rules,Local Rules
fulton,http://www.fultoncountyoh.com/index.aspx?nid=208,"Fulton County Court of Common Pleas, General & Domestic Relations Divisions"
fulton,https://fultoncountyoh.com/DocumentCenter/View/13192/Local-Rules---5-1-2020,Local Rules
fulton,http://www.fultoncountyoh.com/elected_officials/juvenile_court/juvenile_court.htm,"Fulton County Court of Common Pleas, Juvenile Division"
fulton,https://www.fultoncountyoh.com/DocumentCenter/View/13596/2021-Juvenile-Rules,Local Rules
fulton,http://www.fultoncountyoh.com/elected_officials/probate_court/probate_court.htm,"Fulton County Court of Common Pleas, Probate Division"
fulton,http://www.fultoncountyoh.com/DocumentCenter/Home/View/125,Local Rules
fulton,http://www.fultoncountyoh.com/elected_officials/eastern_district/eastern_district.htm,"Fulton County Court, Eastern Division"
fulton,https://www.fultoncountyoh.com/DocumentCenter/View/13242/updated-court-rules-jan-2022?bidId=,Local Rules
fulton,http://www.fultoncountyoh.com/elected_officials/western_district/western_district.htm,Fulton County Court Western Division
fulton,https://www.fultoncountyoh.com/DocumentCenter/View/14757/2023-Western-District-Court-Rules,Local Rules
gallia,http://gallianet.net/index.php/justice-departments/common-pleas-court/general-information,"Gallia     County Court of Common Pleas, General & Domestic Divisions"
gallia,https://gallianet.net/images/Clerk_of_Courts/gcrccp.pdf,Local Rules
gallia,http://gallianet.net/index.php/justice-departments/juvenile-probate-court/court-information,"Gallia     County Court of Common Pleas, Probate & Juvenile Divisions"
gallia,http://gallianet.net/index.php/justice-departments/juvenile-probate-court/rules-of-court,Local Rules
gallia,http://gmcourt.org/,Gallipolis Municipal Court
gallia,http://gmcourt.org/pdf/localRules-20210506.pdf,Local Rules
geauga,https://co.geauga.oh.us/municourt/,Chardon Municipal Court
geauga,http://www.co.geauga.oh.us/municourt/Home/LocalRules.aspx,Local Rules
geauga,http://www.co.geauga.oh.us/commonpleas/General-Division/Domestic-Relations,"Geauga County Court of Common Pleas, Domestic Relations Division"
geauga,http://www.co.geauga.oh.us/commonpleas/General-Division/Local-Rules,Local Rules
geauga,https://co.geauga.oh.us/commonpleas/General-Division,"Geauga County Court of Common Pleas, General Division"
geauga,https://co.geauga.oh.us/commonpleas/General-Division/Local-Rules,Local Rules
geauga,http://www.co.geauga.oh.us/commonpleas/Juvenile.aspx,"Geauga County Court of Common Pleas, Juvenile Division"
geauga,https://co.geauga.oh.us/Portals/3/resources/forms/FORMS-JUVENILE/Geauga County Juvenile Local Rules 08-01-22.pdf?ver=ms6bfqPE5a3K4tqY54LQug%3d%3d,Local Rules
geauga,http://www.co.geauga.oh.us/commonpleas/Probate.aspx,"Geauga County Court of Common Pleas, Probate Division"
geauga,https://co.geauga.oh.us/Portals/3/resources/forms/FORMS-PROBATE/Revised Probate - Geauga County Local Rules 11-18-22.pdf,Local Rules
greene,http://www.co.greene.oh.us/DRC,"Greene County Court of Common Pleas, Domestic Relations Division"
greene,http://www.co.greene.oh.us/DocumentCenter/View/74,Local Rules
greene,https://www.greenecountyohio.gov/402/Common-Pleas-Court,"Greene County Court of Common Pleas, General Division"
greene,https://www.greenecountyohio.gov/DocumentCenter/View/66/Local-Court-Rules-Common-Pleas-Court-PDF,Local Rules
greene,http://www.co.greene.oh.us/index.aspx?nid=431,"Greene County Court of Common Pleas, Juvenile Division"
greene,http://www.co.greene.oh.us/DocumentCenter/View/46,Local Rules
greene,http://www.co.greene.oh.us/Probate,"Greene County Court of Common Pleas, Probate Division"
greene,https://www.greenecountyohio.gov/DocumentCenter/View/24878/Probate-Court-Local-Rules?bidId,Local Rules
greene,http://www.fairbornmunicipalcourt.us/,Fairborn Municipal Court
greene,http://www.fairbornmunicipalcourt.us/rules.php,Local Rules
greene,http://www.ci.xenia.oh.us/238/Municipal-Court,Xenia Municipal Court
greene,https://www.ci.xenia.oh.us/DocumentCenter/View/4634/RULE-OF-COURT-ALL-2019?bidId,Local Rules
guernsey,http://www.cambridgeoh.org/court,Cambridge     Municipal Court
guernsey,https://cambridgeoh.org/wp-content/uploads/2021/06/LOCAL-RULES-Effective-6-4-21.pdf,Local Rules
guernsey,http://www.guernseycounty.org/common-pleas-court/common-pleas/domestic-relations-division/,"Guernsey County Court of Common Pleas, Domestic Relations Division"
guernsey,http://guernseycounty.org/wp-https://guernseycounty.org/wp-content/uploads/2021/06/CURRENT-COURT-RULES-revised-01.15.20.pdf,Local Rules
guernsey,http://guernseycounty.org/common-pleas-court/,"Guernsey County Court of Common Pleas, General Division"
guernsey,http://guernseycounty.org/?mdocs-file=1071,Local Rules
guernsey,http://www.guernseycounty.org/common-pleas-court/juvenile-court/,"Guernsey County Court of Common Pleas,  Juvenile Division"
guernsey,https://guernseycounty.org/wp-content/uploads/2021/06/RULESOFCOURTFINAL2020.pdf,Local Rules
guernsey,http://www.guernseycounty.org/common-pleas-court/probate/,"Guernsey County Court of Common Pleas, Probate Division"
guernsey,https://guernseycounty.org/wp-content/uploads/2021/06/GUERNSEY-COUNTY-LOCAL-RULES.pdf,Local Rules
hamilton,http://www.hamilton-co.org/domestic,"Hamilton County Court of Common Pleas, Domestic Relations Division"
hamilton,http://www.hamiltoncountyohio.gov/government/courts/court_of_domestic_relations/local_rules/,Local Rules
hamilton,http://hamiltoncountycourts.org/index.php/common-pleas,"Hamilton County Court of Common Pleas, General Division"
hamilton,http://hamiltoncountycourts.org/index.php/local-rules/,Local Rules
hamilton,http://www.hamilton-co.org/juvenilecourt,"Hamilton County Court of Common Pleas, Juvenile Division"
hamilton,http://www.juvenile-court.org/juvenilecourt/rules/rules_home.asp,Local Rules
hamilton,http://www.probatect.org/,"Hamilton County Court of Common Pleas, Probate Division"
hamilton,http://www.probatect.org/localrules/index.htm,Local Rules
hamilton,http://hamiltoncountycourts.org/index.php/municipal/,Hamilton County Municipal Court
hamilton,http://hamiltoncountycourts.org/index.php/municipal-local-rules/,Local Rules
hancock,http://cp.co.hancock.oh.us/,"Hancock County Court of Common Pleas, General & Domestic Relations Divisions"
hancock,http://cp.co.hancock.oh.us/rules-of-court/,Local Rules
hancock,http://www.co.hancock.oh.us/government-services/probate-juvenile-court/juvenile/general-information,"Hancock County Court of Common Pleas, Juvenile Division"
hancock,http://www.co.hancock.oh.us/government-services/probate-juvenile-court/juvenile/local-rules-of-court,Local Rules
hancock,http://www.co.hancock.oh.us/government-services/probate-juvenile-court/probate/general-information,"Hancock County Court of Common Pleas, Probate Division"
hancock,http://www.co.hancock.oh.us/government-services/probate-juvenile-court/probate/local-rules-of-court,Local Rules
hancock,https://www.findlayohio.com/government/municipal-court,Findlay Municipal Court
hancock,https://www.findlayohio.com/government/municipal-court/information/court-rules,Local Rules
hardin,http://www.hardincourts.com/CPSite/,"Hardin County Court of Common Pleas, General & Domestic Relations Divisions"
hardin,http://www.hardincourts.com/CPSite/rules.php,Local Rules
hardin,http://hardincountyjuvenilecourt.com/,"Hardin County Court of Common Pleas, Juvenile Division"
hardin,/docs/Clerk/Local Rules/hardinCoJD.pdf,Local Rules
hardin,http://hardincountyprobatecourt.com/,"Hardin County Court of Common Pleas, Probate  Division"
hardin,/docs/Clerk/Local Rules/hardinCoPD.pdf,Local Rules
hardin,http://www.hardincourts.com/MCSite/,Hardin County Municipal Court
hardin,http://www.hardincourts.com/MCSite/pdf/localRules-20220401.pdf,Local Rules
harrison,http://www.harrisoncountyohio.org/common-pleas-court/,"Harrison County Court of Common Pleas, General & Domestic Relations Divisions"
harrison,https://www.harrisoncountyohio.org/media/Clerk%20of%20Courts/Court%20Rules%202020.pdf,Local Rules
harrison,http://www.harrisoncountyohio.org/juvenile-court/,"Harrison County Court of Common Pleas, Juvenile Division"
harrison,https://www.harrisoncountyohio.org/media/Juvenile%20Media/Rules%20of%20Court%20(EDIT%2008.01.2019).pdf,Local Rules
harrison,http://www.harrisoncountyohio.org/probate/,"Harrison County Court of Common Pleas, Probate Division"
harrison,https://www.harrisoncountyohio.org/media/Juvenile%20Media/Rules%20of%20Court%20(EDIT%2008.01.2019).pdf,Local Rules
harrison,http://www.harrisoncountyohio.org/court,Harrison County Court
henry,https://henrycountyfamilycourt.com/,Henry County Family Court
henry,https://henrycountyfamilycourt.files.wordpress.com/2020/06/local-rules-5-1-2020.pdf,Local Rules
henry,https://www.henrycountyohio.gov/258/Probate-General-Divisions,"Henry County Court of Common Pleas, General Division"
henry,https://henrycountyfamilycourt.files.wordpress.com/2020/06/local-rules-5-1-2020.pdf,Local Rules
henry,http://www.henrycountyfamilycourt.com/,"Henry County Court of Common Pleas, Juvenile Division"
henry,https://henrycountyfamilycourt.files.wordpress.com/2018/09/juvenile-rules-4-2017.pdf,Local Rules
henry,https://www.henrycountyohio.gov/258/Probate-General-Divisions,"Henry County Court of Common Pleas, Probate Division"
henry,https://www.defiance-county.com/probate-and-juvenile-court/forms/probate-division-local-rules.pdf,Local Rules
henry,http://www.napoleonmunicipalcourt.com/,Napoleon Municipal Court
henry,/docs/Clerk/Local Rules/napoleonMC.pdf,Local Rules
highland,https://www.hccpc.org/index,"Highland County Court of Common Pleas, General & Domestic Relations Divisions"
highland,https://www.hccpc.org/rules,Local Rules
highland,https://highlandjpcourt.com/,"Highland County Court of Common Pleas, Juvenile Division"
highland,https://www.supremecourt.ohio.gov/docs/Clerk/Local%20Rules/highlandCoJD.pdf,Local Rules
highland,https://highlandjpcourt.com/,"Highland County Court of Common Pleas, Probate Division"
highland,https://highlandjpcourt.com/pdf/localRules-20210920.pdf,Local Rules
highland,https://countycourtgreenfield.com/index.php,Highland County Court
highland,https://countycourtgreenfield.com/courtRules.php,Local Rules
highland,https://www.hillsboroohio.net/department/index.php?structureid=39,Hillsboro Municipal Court
highland,https://www.hillsboroohio.net/egov/documents/1564072965_13391.pdf,Local Rules
hocking,http://www.hockingcountycommonpleascourt.com/,"Hocking County Court of Common Pleas, General & Domestic Relations Divisions"
hocking,http://www.hockingcountycommonpleascourt.com/sites/default/files/Court%20Rules.pdf,Local Rules
hocking,https://juvenile.hocking.us/,"Hocking County Court of Common Pleas, Juvenile Division"
hocking,https://juvenile.hocking.us/pdf/juvRules-20190904.pdf,Local Rules
hocking,https://juvenile.hocking.us/,"Hocking County Court of Common Pleas, Probate Division"
hocking,https://juvenile.hocking.us/pdf/prbRules-20190606.pdf,Local Rules
hocking,http://www.hockingcountymunicipalcourt.com/,Hocking County Municipal Court
hocking,https://www.hockingcountymunicipalcourt.com/sites/default/files/courtRules-20181005.pdf,Local Rules
holmes,http://co.holmes.oh.us/common-pleas-court-overview,"Holmes County Court of Common Pleas, General & Domestic Relations Divisions"
holmes,http://co.holmes.oh.us/common-pleas-court-document-library,Local Rules
holmes,http://co.holmes.oh.us/juvenile-court-overview,"Holmes County Court of Common Pleas, Juvenile Division"
holmes,https://co.holmes.oh.us/document-library/juvenile-court/942-local-rules-amended-1-23,Local Rules
holmes,http://co.holmes.oh.us/probate-court-overview,"Holmes County Court of Common Pleas, Probate Division"
holmes,https://co.holmes.oh.us/document-library/probate-court/939-probate-local-rules,Local Rules
holmes,http://www.co.holmes.oh.us/municipal-court-overview,Holmes County Municipal Court
holmes,http://www.co.holmes.oh.us/municipal-court-document-library/649-local-rules-holmes-county-municipal-court/file,Local Rules
huron,http://www.huroncountycommonpleas.org/,"Huron County Court of Common Pleas, General & Domestic Relations Divisions"
huron,http://www.huroncountycommonpleas.org/forms/courtrules.pdf,Local Rules
huron,http://www.hcjpc.com/clerk.php,"Huron County Court of Common Pleas, Juvenile Division"
huron,http://www.hcjpc.com/pics/Juvenile_Rules_of_Court.pdf,Local Rules
huron,http://www.hcjpc.com/probate.php,"Huron County Court of Common Pleas, Probate Division"
huron,https://www.hcjpc.com/pics/Probate-RulesofCourt.pdf,Local Rules
huron,http://www.huronmunicourt.us/,Huron Municipal Court
huron,http://www.huronmunicourt.us/rules.php,Local Rules
huron,http://www.norwalkmunicourt.com/,Norwalk Municipal Court
huron,http://www.norwalkmunicourt.com/rules.php,Local Rules
jackson,http://www.jacksoncountyohio.us/elected-officials/common-pleas-court/,"Jackson County Court of Common Pleas, General & Domestic Relations Divisions"
jackson,http://www.jcclerk.com/files/Legal%20JACKSON%20COUNTY%20LOCAL%20RULES%20OF%20PROCEDURE.pdf,Local Rules
jackson,http://www.jacksoncountyohio.us/elected-officials/juvenile-court/,"Jackson County Court of Common Pleas, Juvenile Division"
jackson,/docs/Clerk/Local Rules/jacksonCoJD.pdf,Local Rules
jackson,http://www.jacksoncountyohio.us/elected-officials/probate-court/,"Jackson County Court of Common Pleas, Probate Division"
jackson,/docs/Clerk/Local Rules/jacksonCoPD.pdf,Local Rules
jackson,http://www.jacksoncountymunicipalcourt.com/,Jackson County Municipal Court
jackson,http://www.jacksoncountymunicipalcourt.com/rules.php,Local Rules
jefferson,http://www.jeffersoncountyoh.com/CountyCourts/CommonPleas.aspx,"Jefferson County Court of Common Pleas, General & Domestic Relations Divisions"
jefferson,/docs/Clerk/Local Rules/jeffersonGDandDR.pdf,Local Rules
jefferson,https://jeffersoncountyprobatejuvenile.com/,"Jefferson County Court of Common Pleas, Probate Division"
jefferson,https://jeffersoncountyprobatejuvenile.com/wp-content/uploads/2023/01/UPDATED-PROBATE-LOCAL-RULES-2023.pdf,Local Rules
jefferson,https://jeffersoncountyoh.com/,"Jefferson County Court District I, II, and III"
jefferson,https://jeffersoncountyoh.com/static/documents/107/19911152_County-Court-Local-Rules.pdf,Local Rules
jefferson,https://www.cityofsteubenville.us/government/municipal_court/index.php,Steubenville Municipal Court
jefferson,https://cms8.revize.com/revize/steubenvilleoh/Document_Center/Government/Municipal Court/DOC090722.pdf,Local Rules
jefferson,https://jeffersoncountyprobatejuvenile.com/,"Jefferson County Court of Common Pleas, Juvenile Division"
jefferson,https://jeffersoncountyprobatejuvenile.com/wp-content/uploads/2023/02/JUVENILE-COURT-LOCAL-RULES-2023.pdf,Local Rules
knox,http://www.co.knox.oh.us/commonpleascourt/,"Knox     County Court of Common Pleas, General & Domestic Relations Divisions"
knox,https://co.knox.oh.us/clerk-of-courts/,Local Rules
knox,http://knoxpjcourt.com/,"Knox County Court of Common Pleas, Juvenile Division"
knox,http://knoxpjcourt.com/pdf/localRulesJUV-20191017.pdf,Local Rules
knox,http://knoxpjcourt.com/,"Knox County Court of Common Pleas, Probate Division"
knox,http://knoxpjcourt.com/pdf/localRulesPRB-20191017.pdf,Local Rules
knox,http://www.mountvernonmunicipalcourt.org/,Mount Vernon Municipal Court
knox,http://mountvernonmunicipalcourt.org/local-court-rules/,Local Rules
lake,https://www.lakecountyohio.gov/common-pleas/,"Lake     County Court of Common Pleas, General Division"
lake,https://www.lakecountyohio.gov/common-pleas/wp-content/uploads/sites/6/2022/01/LAKE-COUNTY-OHIO-COMMON-PLEAS-COURT-GENERAL-DIVISION-Local-Rules-of-Practice-Procedure-As-of-12-31-2021.pdf,Local Rules
lake,https://lcdrct.org/,"Lake County Court of Common Pleas, Domestic Relations Division"
lake,https://lcdrct.org/appearing-in-court/rules-of-the-court/,Local Rules
lake,https://juvenile.lakecountyohio.gov/,"Lake County Court of Common Pleas, Juvenile Division"
lake,https://juvenile.lakecountyohio.gov/pdf/downloads/Rules%20of%20Court.pdf,Local Rules
lake,https://www.lakecountyohio.gov/probate-court/,"Lake County Court of Common Pleas, Probate Division"
lake,https://www.lakecountyohio.gov/probate-court/rules-of-practice-2/,Local Rules
lake,http://www.mentormunicipalcourt.org/,Mentor     Municipal Court
lake,https://www.mentormunicipalcourt.org/pdf/localRules-20221027.pdf,Local Rules
lake,http://www.pmcourt.com/,Painesville Municipal Court
lake,https://www.pmcourt.com/pdf/localRules-20230201.pdf,Local Rules
lake,http://www.willoughbycourt.com/,Willoughby Municipal Court
lake,https://www.willoughbycourt.com/wp-content/uploads/2022/11/Rules-of-Court-11.16.22-1.pdf,Local Rules
lawrence,https://www.supremecourt.ohio.gov/docs/Clerk/Local Rules/lawrenceCoGD.pdf,Local Rules
lawrence,https://www.supremecourt.ohio.gov/docs/Clerk/Local Rules/lawrenceCoJD.pdf,Local Rules
lawrence,https://www.supremecourt.ohio.gov/docs/Clerk/Local Rules/lawrenceCoPD.pdf,Local Rules
lawrence,http://www.irontonmuni.com/,Ironton Municipal Court
lawrence,http://www.irontonmuni.com/pdf/localRules-20230207.pdf,Local Rules
lawrence,http://www.lawcomunicourt.com/,Lawrence County Municipal Court
lawrence,http://www.lawcomunicourt.com/pdf/localRules-20170329.pdf,Local Rules
licking,http://www.lcounty.com/depts/domestic/default.htm,"Licking County Court of Common Pleas, Domestic Relations Division"
licking,http://www.lcounty.com/depts/domestic/forms_rules.htm,Local Rules
licking,https://lickingcounty.gov/depts/pleas/default.htm,"Licking County Court of Common Pleas, General Division"
licking,https://lickingcounty.gov/depts/clerk/rules/default.htm,Local Rules
licking,https://www.lcounty.com/depts/probate/default.htm,"Licking County Court of Common Pleas,  Juvenile Division"
licking,/docs/Clerk/Local Rules/lickingCoJD.pdf,Local Rules
licking,https://www.lcounty.com/depts/probate/default.htm,"Licking County Court of Common Pleas, Probate  Division"
licking,/docs/Clerk/Local Rules/lickingCoPD.pdf,Local Rules
licking,http://www.lcmunicipalcourt.com/,Licking     County Municipal Court
licking,http://www.lcmunicipalcourt.com/UserUploads/UserDocuments/Local_Rules_Court_9_23_13.pdf,Local Rules
logan,https://www.ci.bellefontaine.oh.us/municipal-court.html,Bellefontaine Municipal Court
logan,https://www.ci.bellefontaine.oh.us/uploads/1/2/4/8/124825632/court_rules_2023.pdf,Local Rules
logan,http://www.co.logan.oh.us/192/Common-Pleas-Court,"Logan     County Court of Common Pleas, General Division"
logan,http://www.co.logan.oh.us/198/Court-Rules-PDF,Local Rules
logan,http://www.co.logan.oh.us/546/Domestic-Relations-Division,"Logan County Court of Common Pleas, Domestic Relations Division"
logan,/docs/Clerk/Local Rules/loganCoDR.pdf,Local Rules
logan,http://www.co.logan.oh.us/545/Juvenile-Division,"Logan County Court of Common Pleas, Juvenile Division"
logan,/docs/Clerk/Local Rules/loganCoJD.pdf,Local Rules
logan,http://www.co.logan.oh.us/544/Probate-Division,"Logan County Court of Common Pleas, Probate Division"
logan,http://www.co.logan.oh.us/DocumentCenter/View/777,Local Rules
lorain,http://www.avonlakecourt.com/,Avon Lake     Municipal Court
lorain,http://www.avonlakecourt.com/pdf/rules20160201.pdf,Local Rules
lorain,http://www.elyriamunicourt.org/,Elyria Municipal Court
lorain,http://www.elyriamunicourt.org/documents/Local_Rules.pdf,Local Rules
lorain,http://courtofcommonpleas.loraincounty.us/,"Lorain County Court of Common Pleas, General Division"
lorain,http://courtofcommonpleas.loraincounty.us/platform/cms/2020/Lorain-County-Revised-Local-Rules-November-2020.pdf,Local Rules
lorain,http://www.loraincounty.com/domesticrelations/,"Lorain County Court of Common Pleas, Domestic Relations and Juvenile Divisions"
lorain,https://www.lcdrc.org/court-rules/,Local Rules
lorain,http://www.loraincounty.com/probate/,"Lorain County Court of Common Pleas, Probate Division"
lorain,http://www.loraincounty.com/probate/pdfs/2019/Loc_%20Rules_2019.pdf,Local Rules
lorain,http://www.cityoflorain.org/219/Lorain-Municipal-Court,Lorain Municipal Court
lorain,http://www.cityoflorain.org/DocumentCenter/View/371/Rules-of-Court-PDF?bidId,Local Rules
lorain,http://www.oberlinmunicipalcourt.org/,Oberlin Municipal Court
lorain,https://oberlinmunicipalcourt.org/general-information/court-rules/,Local Rules
lucas,http://www.co.lucas.oh.us/index.aspx?nid=163,"Lucas County Court of Common Pleas, Domestic Relations Division"
lucas,https://www.co.lucas.oh.us/DocumentCenter/View/78386/2021-Local-Rules,Local Rules
lucas,http://www.co.lucas.oh.us/index.aspx?nid=307,"Lucas County Court of Common Pleas, General Division"
lucas,http://www.co.lucas.oh.us/DocumentCenter/View/10856,Local Rules
lucas,http://www.co.lucas.oh.us/index.aspx?nid=204,"Lucas County Court of Common Pleas, Juvenile Division"
lucas,http://www.co.lucas.oh.us/DocumentCenter/View/69525/Local-Rules-Effective-5-1-2018,Local Rules
lucas,http://www.lucas-co-probate-ct.org/,"Lucas County Court of Common Pleas, Probate Division"
lucas,http://www.lucas-co-probate-ct.org/web/guest/local-rules,Local Rules
lucas,https://maumee.org/municipal-court/,Maumee Municipal Court
lucas,https://maumee.org/download/maumee-municipal-court-local-rules-of-practice/,Local Rules
lucas,http://www.oregonmunicipalcourt.us/,Oregon Municipal Court
lucas,http://www.oregonmunicipalcourt.us/images/pdf/Local-Rules.pdf,Local Rules
lucas,http://www.sylvaniacourt.com/,Sylvania Municipal Court
lucas,https://www.sylvaniacourt.com/wp-content/uploads/2020/02/Local-Court-Rules-2020.pdf,Local Rules
lucas,https://tmc.toledomunicipalcourt.org/,Toledo Municipal Court
lucas,https://toledomunicipalcourt.org/court-rules/,Local Rules
madison,https://www.co.madison.oh.us/departments/court_system/common_pleas/index.php,"Madison County Court of Common Pleas, General & Domestic Relations Divisions"
madison,https://www.co.madison.oh.us/document_center/Common Pleas/COURT_RULES2022.pdf,Local Rules
madison,https://www.co.madison.oh.us/departments/court_system/juvenile_probate/index.php,"Madison County Court of Common Pleas, Juvenile Division"
madison,https://www.co.madison.oh.us/JCourt%20Local%20Rules.pdf,Local Rules
madison,https://www.co.madison.oh.us/departments/court_system/municipal_court/index.php,Madison County  Municipal Court
madison,https://www.co.madison.oh.us/document_center/Municipal Court/municourtrules1.pdf,Local Rules
madison,https://www.co.madison.oh.us/departments/court_system/juvenile_probate/index.php,"Madison County Court of Common Pleas, Probate Division"
madison,https://files4.revize.com/madisonoh/probate_rules_2019.pdf,Local Rules
mahoning,http://campbellohio.gov/municipal-court.html,Campbell Municipal Court
mahoning,https://www.supremecourt.ohio.gov/Clerk/Local%20Rules/campbellMC.pdf,Local Rules
mahoning,https://www.mahoningcountyoh.gov/699/Domestic-Relations-Court,"Mahoning County Court of Common Pleas, Domestic Relations Division"
mahoning,http://www.mahoningcountyoh.gov/DocumentCenter/View/21074/Local-Rules-of-Domestic-Court?bidId,Local Rules
mahoning,http://www.mahoningcountyoh.gov/230/Common-Pleas-Court,"Mahoning County Court of Common Pleas, General Division"
mahoning,/docs/Clerk/Local Rules/mahoningCoGD.pdf,Local Rules
mahoning,http://www.mahoningcountyoh.gov/256/Juvenile-Justice-Court,"Mahoning County Court of Common Pleas, Juvenile Division"
mahoning,https://www.mahoningcountyoh.gov/DocumentCenter/View/46802/local-rules-2021,Local Rules
mahoning,http://probate.mahoningcountyoh.gov/355/Probate-Court,"Mahoning County Court of Common Pleas, Probate Division"
mahoning,http://probate.mahoningcountyoh.gov/DocumentCenter/View/195,Local Rules
mahoning,http://www.mahoningcountyoh.gov/247/Mahoning-County-Courts,Mahoning County Courts
mahoning,http://www.mahoningcountyoh.gov/DocumentCenter/View/45225/Mahoning-County-Courts-Local-Rules-Amended-eff-10-1-18,Local Rules
mahoning,http://www.strutherscourt.com/,Struthers Municipal Court
mahoning,http://www.strutherscourt.com/pdf/localRules-20230307.pdf,Local Rules
mahoning,http://www.youngstownmunicipalcourt.org/,Youngstown Municipal Court
mahoning,https://youngstownohio.gov/sites/default/files/forms/Local Rules of Practice.pdf,Local Rules
marion,http://www.co.marion.oh.us/familycourt/,"Marion County Court of Common Pleas, Family Division"
marion,http://www.co.marion.oh.us/familycourt/family-court-rules/,Local Rules
marion,http://www.co.marion.oh.us/common-pleas-court/,"Marion County Court of Common Pleas, General Division"
marion,http://www.co.marion.oh.us/common-pleas-court/local-rules/,Local Rules
marion,http://www.co.marion.oh.us/familycourt/index.php,"Marion County Court of Common Pleas, Probate Division"
marion,http://www.co.marion.oh.us/familycourt/index.php/probate-rules,Local Rules
marion,http://www.marionmunicipalcourt.org/,Marion County Municipal Court
marion,http://www.marionmunicipalcourt.org/pdf/localRules-20200113.pdf,Local Rules
medina,http://www.medinadomesticrelations.org/,"Medina County Court of Common Pleas, Domestic Relations Division"
medina,https://medinadomesticrelations.org/rules-and-forms/,Local Rules
medina,https://www.medinaco.org/judge-hutson/,"Medina County Court of Common Pleas, General Division I"
medina,https://www.medinaco.org/wp-content/uploads/2020/01/Local-Rules-2019-2020-as-adopted-1-22-20.pdf,Local Rules
medina,https://www.medinaco.org/judge-kimbler/,"Medina County Court of Common Pleas, General Division II"
medina,https://www.medinaco.org/wp-content/uploads/2020/01/Local-Rules-2019-2020-as-adopted-1-22-20.pdf,Local Rules
medina,https://medinaprobate.org/,"Medina County Court of Common Pleas, Probate & Juvenile Divisions"
medina,https://medinaprobate.org/local-rules,Local Rules
medina,http://www.medinamunicipalcourt.org/index.php,Medina     Municipal Court
medina,http://www.medinamunicipalcourt.org/resources/court-rules/,Local Rules
medina,http://www.wadsworthmunicipalcourt.com/,Wadsworth Municipal Court
medina,http://www.wadsworthmunicipalcourt.com/447/Local-Rules,Local Rules
meigs,/docs/Clerk/Local Rules/meigsCO.pdf,Local Rules
meigs,/docs/Clerk/Local Rules/meigsCoJD.pdf,Local Rules
meigs,https://meigscountycourt.org/,Meigs County Court
meigs,http://www.meigscountycourt.org/index.php/court-rules,Local Rules
mercer,http://celinamunicipalcourt.org/,Celina Municipal Court
mercer,https://celinamunicipalcourt.org/wp-content/uploads/2022/01/RULES-OF-COURT-1-2022.pdf,Local Rules
mercer,http://www.mercercountycourts.com/index.php,"Mercer County Court of Common Pleas, Juvenile Division"
mercer,http://www.mercercountycourts.com/pdf/juRules-20210921.pdf,Local Rules
mercer,https://www.mercercountyohio.org/elected-officials/common-pleas-court/,"Mercer County Court of Common Pleas, General & Domestic Relations Divisions"
mercer,https://www.mercercountyohio.org/wp-content/uploads/bsk-pdf-manager/bsk-pdf-manager/2021/06/RulesOfCourt-20210614.pdf,Local Rules
mercer,http://www.mercercountycourts.com/index.php,"Mercer County Court of Common Pleas, Probate Division"
mercer,http://www.mercercountycourts.com/pdf/prbRules-20210922.pdf,Local Rules
miami,http://co.miami.oh.us/index.aspx?nid=132,"Miami County Court of Common Pleas, General & Domestic Relations Divisions"
miami,http://co.miami.oh.us/index.aspx?NID=337,Local Rules
miami,http://co.miami.oh.us/index.aspx?nid=133,"Miami County Court of Common Pleas, Juvenile Division"
miami,https://co.miami.oh.us/DocumentCenter/View/45425/Local-Court-Rules,Local Rules
miami,http://www.co.miami.oh.us/index.aspx?NID=135,"Miami County Court of Common Pleas, Probate Division"
miami,http://www.co.miami.oh.us/index.aspx?NID=287,Local Rules
miami,http://co.miami.oh.us/index.aspx?nid=134,Miami     County Municipal Court
miami,http://co.miami.oh.us/index.aspx?NID=312,Local Rules
monroe,http://www.monroecountyohio.com/government/clerk_of_courts/common_pleas_court/domestic_relations.php,"Monroe County Court of Common Pleas, Domestic Relations Division"
monroe,http://www.monroecountyohio.com/Clerk%20of%20Courts/Courts%20Documents/Common%20Pleas%20Local%20Rules.pdf,Local Rules
monroe,http://www.monroecountyohio.net/government/clerk_of_courts/common_pleas_court/index.php,"Monroe County Court of Common Pleas, General Division"
monroe,https://monroecountyohio.com/government/clerk_of_courts/clerk_documents_library.php#revize_document_center_rz76,Local Rules
monroe,http://www.monroecountyohio.com/government/probate_juvenile_court/index.php,"Monroe County Court of Common Pleas, Juvenile Division"
monroe,http://cms5.revize.com/revize/monroecountyoh/Clerk of Courts/Courts Documents/Local Rules Juvenile Court.pdf,Local Rules
monroe,http://www.monroecountyohio.com/government/probate_juvenile_court/index.php,"Monroe County Court of Common Pleas, Probate Division"
monroe,http://cms5.revize.com/revize/monroecountyoh/Clerk of Courts/Courts Documents/Local Rules Probate Court.pdf,Local Rules
montgomery,http://www.daytonmunicipalcourt.com/,Dayton Municipal Court
montgomery,https://www.daytonmunicipalcourt.com/pdf/rules/dmc_r_20230101.pdf,Local Rules
montgomery,http://www.ketteringmunicipalcourt.org/,KetteringMunicipal Court
montgomery,https://ketteringmunicipalcourt.com/about/court-local-rules/,Local Rules
montgomery,http://www.miamisburgcourts.com/,Miamisburg Municipal Court
montgomery,https://miamisburgcourts.com/pdf/localRules-20210806.pdf,Local Rules
montgomery,http://www.mcohio.org/dr/,"Montgomery County Court of Common Pleas, Domestic Relations Division"
montgomery,https://www.mcohio.org/document_center/DomesticRelationsCourt/AMENDED 11-10-22.FINAL LOCAL RULES 1-1-20.pdf,Local Rules
montgomery,http://www.montcourt.oh.gov/,"Montgomery County Court of Common Pleas, General Division"
montgomery,https://montcourt.oh.gov/court-rules/,Local Rules
montgomery,http://www.mcjcohio.org/,"Montgomery County Common Pleas Court, Juvenile Division"
montgomery,https://www.mcjcohio.org/wp-content/uploads/2022/09/MCJC-Local-Rules-of-Practice-and-Procedure-07-08-2022.pdf,Local Rules
montgomery,http://www.mcohio.org/probate/,"Montgomery County Court of Common Pleas, Probate Division"
montgomery,http://www.mcohio.org/government/courts/common_pleas_court_-_probate_division/local_rules.php,Local Rules
montgomery,https://www.mccountycourts.org/Default.cshtml?Division=East,Montgomery County Municipal Court Eastern Division
montgomery,https://www.mccountycourts.org/Downloads/MunicipalCourtsLocalRules.pdf,Local Rules
montgomery,https://www.mccountycourts.org/Default.cshtml?Division=West,Montgomery County Municipal Court Western Division
montgomery,https://www.mccountycourts.org/Downloads/MunicipalCourtsLocalRules.pdf,Local Rules
montgomery,https://court.oakwood.oh.us/index.php,Oakwood Municipal Court
montgomery,https://court.oakwood.oh.us/pdf/localRules-20200129.pdf,Local Rules
montgomery,http://www.vandaliacourt.com/,Vandalia Municipal Court
montgomery,https://vandaliaohio.org/DocumentCenter/Index/137,Local Rules
morgan,https://www.morgancounty-oh.gov/countycourt.html,Morgan County Court
morgan,/docs/Clerk/Local Rules/morganCC.pdf,Local Rules
morgan,https://www.morgancounty-oh.gov/commonpleascourt.html,"Morgan County Court of Common Pleas, General and Domestic Relations Divisions"
morgan,/docs/Clerk/Local Rules/morganCoGDandDR.pdf,Local Rules
morgan,https://www.morgancounty-oh.gov/commonpleascourt.html,"Morgan County Court of Common Pleas, Juvenile Division"
morgan,/docs/Clerk/Local Rules/morganCoJD.pdf,Local Rules
morgan,https://www.morgancounty-oh.gov/commonpleascourt.html,"Morgan County Court of Common Pleas, Probate Division"
morgan,/docs/Clerk/Local Rules/morganCoPD.pdf,Local Rules
morrow,http://commonpleas.morrowcountyohio.gov/index.php/menu-styles/domestic-relations-division,"Morrow County Court of Common Pleas, Domestic Relations Division"
morrow,https://morrowcountyohio.gov/government/county_elected_officials/common_pleas_court/domestic_relations_rules.php,Local Rules
morrow,http://commonpleas.morrowcountyohio.gov/index.php/menu-styles/general-division,"Morrow County Court of Common Pleas, General Division"
morrow,https://morrowcountyohio.gov/government/county_elected_officials/common_pleas_court/general_rule_of_court.php,Local Rules
morrow,http://commonpleas.morrowcountyohio.gov/index.php/menu-styles/juvenile-division,"Morrow County Court of Common Pleas, Juvenile Division"
morrow,https://morrowcountyohio.gov/government/county_elected_officials/common_pleas_court/juvenile_rules.php,Local Rules
morrow,http://commonpleas.morrowcountyohio.gov/index.php/menu-styles/probate-division,"Morrow County Court of Common Pleas, Probate Division"
morrow,https://morrowcountyohio.gov/government/county_elected_officials/common_pleas_court/probate_rules.php,Local Rules
morrow,http://www.morrowcountymunict.org/,Morrow County Municipal Court
morrow,http://www.morrowcountymunict.org/rules.php,Local Rules
muskingum,http://www.muskingumcountycourt.org/,Muskingum County Court
muskingum,http://www.muskingumcountycourt.org/courtRules.php,Local Rules
muskingum,https://www.muskingumcountyoh.gov/Courts/Domestic-Relations/#undefined3,"Muskingum County Court of Common Pleas, Domestic Relations Division"
muskingum,https://www.muskingumcountyoh.gov/Media/Domestic-Relations-Court-Local-Rules.pdf,Local Rules
muskingum,https://www.muskingumcountyoh.gov/Media/Criminal-Court-Rules.pdf,Local Rules
muskingum,/docs/Clerk/Local Rules/muskingumCoJD.pdf,Local Rules
muskingum,https://www.muskingumcountyoh.gov/Courts/Probate/,"Muskingum County Court of Common Pleas, Probate Division"
muskingum,https://www.muskingumcountyoh.gov/Media/Muskingum-County-PROBATE-AMENDED-LOCAL-COURT-RULES.pdf,Local Rules
muskingum,http://www.coz.org/192/Municipal-Court,Zanesville Municipal Court
muskingum,http://www.coz.org/DocumentCenter/View/160/Local-Rules-of-Courts-DOC,Local Rules
noble,https://noblecc.org/,Noble County Court
noble,https://noblecc.org/pdf/courtRules-20220608.pdf,Local Rules
noble,http://noblecommonpleas.org/index.php,"Noble County Court of Common Pleas, General Division"
noble,http://noblecommonpleas.org/rules.php,Local Rules
noble,/docs/Clerk/Local Rules/nobleCoJD.pdf,Local Rules
noble,/docs/Clerk/Local Rules/nobleCoPD.pdf,Local Rules
ottawa,http://www.ottawacocpcourt.com/,"Ottawa County Court of Common Pleas, Domestic Relations & General Divisions"
ottawa,https://www.ottawacocpcourt.com/local-rules/,Local Rules
ottawa,http://ottawacountyjuvenilecourt.com/,"Ottawa County    Court of Common Pleas, Juvenile Division"
ottawa,http://ottawacountyjuvenilecourt.com/local-rules/,Local Rules
ottawa,http://ottawacountyprobatecourt.com/,"Ottawa County    Court of Common Pleas, Probate Division"
ottawa,http://ottawacountyprobatecourt.com/local-rules/,Local Rules
ottawa,http://www.ottawacountymunicipalcourt.com/,Ottawa County Municipal Court
ottawa,https://www.ottawacountymunicipalcourt.com/pdf/localRules-20230213.pdf,Local Rules
paulding,http://www.pauldingcountycourt.com/,Paulding County Municipal Court
paulding,http://www.pauldingcountycourt.com/pdf/courtRules20170214.pdf,Local Rules
paulding,http://www.pauldingcommonpleas.com/,"Paulding County Court of Common Pleas, General & Domestic Relations Divisions"
paulding,/docs/Clerk/Local Rules/pauldingCoGDandDR.pdf,Local Rules
paulding,https://www.pauldingjuvenilecourt.com/juvenile-court/,"Paulding County Court of Common Pleas, Juvenile Division"
paulding,/docs/Clerk/Local Rules/pauldingCoJD.pdf,Local Rules
paulding,https://www.pauldingjuvenilecourt.com/probate-court/,"Paulding County Court of Common Pleas, Probate Division"
paulding,https://www.pauldingjuvenilecourt.com/wp-content/uploads/2019/05/Paulding-County-Probate-Rules-1988-FULL-COPY.pdf,Local Rules
perry,https://www.perrycountycourt.com/CommonPleasCourt/home/,"Perry County Court of Common Pleas, General & Domestic Relations Divisions"
perry,https://www.perrycountycourt.com/pdf/localRulesCP.pdf,Local Rules
perry,https://www.perrycountycourt.com/JuvenileCourt/home/,"Perry County Court of Common Pleas, Juvenile Division"
perry,https://www.perrycountycourt.com/pdf/juvRules-20220726.pdf,Local Rules
perry,https://www.perrycountycourt.com/ProbateCourt/home/,"Perry County Court of Common Pleas, Probate Division"
perry,https://www.perrycountycourt.com/pdf/probateRules-20211230.pdf,Local Rules
perry,http://www.perrycountycourt.com/MunicipalCourt/home/,Perry County Municipal Court
perry,http://www.perrycountycourt.com/MunicipalCourt/rules/,Local Rules
pickaway,http://www.circlevillecourt.com/,Circleville Municipal Court
pickaway,https://www.supremecourt.ohio.gov/docs/Clerk/Local Rules/pickawayCo_circlevillemc.pdf,Local Rules
pickaway,http://www.pickaway.org/offices/common-pleas/index.html,"Pickaway County Court of Common Pleas, General & Domestic Relations Divisions"
pickaway,https://pickaway.org/docs/CPRules.pdf,Local Rules
pickaway,http://www.pickawaycourt.com/,"Pickaway County Court of Common Pleas, Juvenile & Probate Divisions"
pickaway,https://www.pickawaycourt.com/rules/,Local Rules
pike,/docs/Clerk/Local Rules/PikeCoGDandDR.pdf,Local Rules
pike,http://www.pikecountypjcourt.com/juvMain.php,"Pike County Court of Common Pleas,  Juvenile Division"
pike,http://www.pikecountypjcourt.com/juvRules.php,Local Rules
pike,http://www.pikecountypjcourt.com/prbMain.php,"Pike County Court of Common Pleas, Probate Division"
pike,http://www.pikecountypjcourt.com/prbRules.php,Local Rules
pike,http://www.pikecountycourt.org/index.shtml,Pike County Court
pike,https://www.pikecountycourt.org/pdf/localRules-20201210.pdf,Local Rules
portage,https://www.portagecounty-oh.gov/portage-county-domestic-relations-court,"Portage County Court of Common Pleas, Domestic Relations Division"
portage,https://www.co.portage.oh.us/portage-county-domestic-relations-court/pages/domestic-relations-rules-court,Local Rules
portage,https://www.portagecounty-oh.gov/common-pleas-court,"Portage County Court of Common Pleas, General Division"
portage,https://www.portagecounty-oh.gov/sites/g/files/vyhlif3706/f/uploads/common_pleas_court_rules.pdf,Local Rules
portage,https://www.co.portage.oh.us/juvenileprobate-court,"Portage County Court of Common Pleas, Juvenile Division"
portage,https://www.portagecounty-oh.gov/sites/g/files/vyhlif3706/f/uploads/juvenile_local_rules_1.pdf,Local Rules
portage,https://www.co.portage.oh.us/juvenileprobate-court,"Portage County Court of Common Pleas, Probate Division"
portage,https://www.portagecounty-oh.gov/sites/g/files/vyhlif3706/f/uploads/probate_local_rules_2.pdf,Local Rules
portage,https://www.portagecounty-oh.gov/municipal-court,Portage     County Municipal Court
portage,https://www.portagecounty-oh.gov/sites/g/files/vyhlif3706/f/uploads/local_rules_11-1-22.pdf,Local Rules
preble,http://www.eatonmunicipalcourt.com/,Eaton Municipal Court
preble,http://www.eatonmunicipalcourt.com/images/pdfs/2016-01-20_COURT_RULES.pdf,Local Rules
preble,https://www.preblecountyohio.net/,Preble County Court of Common Pleas General & Domestic Relations Divisions
preble,http://preblecountyohio.net/LocalCourt.htm,Local Rules
preble,https://prebleohiojuvenileprobate.org/,Preble County Court of Common Pleas Juvenile Division
preble,https://prebleohiojuvenileprobate.org/wp-content/uploads/2023/02/Juvenile-local-rules-1.31.23.pdf,Local Rules
preble,https://prebleohiojuvenileprobate.org/,Preble County Court of Common Pleas Probate Division
preble,https://prebleohiojuvenileprobate.org/wp-content/uploads/2023/02/probate.local-rules.1.31.23.pdf,Local Rules
putnam,https://putnamcountyohio.gov/common-pleas-court/,Putnam County Court of Common Pleas
putnam,https://putnamcountyohio.gov/wp-content/uploads/2021/06/2021-July-CP-Local-Court-rules.pdf,Local Rules
putnam,https://putnamcountyohio.gov/municipal-court/,Putnam County Municipal Court
putnam,https://putnamcountyohio.gov/wp-content/uploads/2020/09/2020-Putnam-County-MC-Local-Court-Rules-r1.pdf,Local Rules
richland,http://ci.mansfield.oh.us/departments-sp-783975672/municipal-court.html,Mansfield Municipal Court
richland,https://mansfieldcourts.com/wp-content/uploads/2021/12/Local-Rules-11-09-2021.pdf,Local Rules
richland,http://richlandcourtsoh.us/dr.php,"Richland County Court of Common Pleas, Domestic Relations Division"
richland,http://richlandcourtsoh.us/formdr1.php?formname=LOCALRULES.pdf,Local Rules
richland,http://richlandcourtsoh.us/gendiv.php,"Richland County Court of Common Pleas, General Division"
richland,http://richlandcourtsoh.us/formgd.php?formname=gendivrules.pdf,Local Rules
richland,https://www.rcjcoh.org/,"Richland County Court of Common Pleas, Juvenile Division"
richland,https://www.rcjcoh.org/about-the-court/local-court-rules,Local Rules
richland,https://www.richlandcountyoh.gov/departments/probatecourt,"Richland County Court of Common Pleas, Probate Division"
richland,https://www.richlandcountyoh.gov/departments/probatecourt/LocalRules,Local Rules
richland,https://shelbycourt.org/,Shelby Municipal Court
richland,https://shelbycourt.org/pdf/localRules-20181211.pdf,Local Rules
ross,http://www.chillicothemunicipalcourt.org/,Chillicothe     Municipal Court
ross,http://www.chillicothemunicipalcourt.org/rules.asp,Local Rules
ross,http://www.rosscountycommonpleas.org/index.html,"Ross County Court of Common Pleas, General Division"
ross,"http://www.rosscountycommonpleas.org/docs/Local Rules Effective Dec. 30, 2021, Ross County Common Pleas Court General Division.pdf",Local Rules
ross,http://www.rossprobatejuvenile.com/Juvenile.htm,"Ross County Court of Common Pleas, Juvenile Division"
ross,http://www.rossprobatejuvenile.com/Juvenile%20Rules.pdf,Local Rules
ross,http://www.rossprobatejuvenile.com/Probate.htm,"Ross County Court of Common Pleas, Probate Division"
ross,http://www.rossprobatejuvenile.com/Probate%20Rules%20UPDATED.pdf,Local Rules
sandusky,https://www.villageofbellevuewi.gov/government/municipal_court,Bellevue Municipal Court
sandusky,/docs/Clerk/Local Rules/bellvueMC.pdf,Local Rules
sandusky,http://www.fremontmunicipalcourt.org/,Fremont Municipal Court
sandusky,http://www.fremontmunicipalcourt.org/pdf/localRules-20230220.pdf,Local Rules
sandusky,https://sccommonpleas.com/,"Sandusky County Court of Common Pleas, General and Domestic Relations Division"
sandusky,https://sccommonpleas.com/wp-content/uploads/2021/09/Local_Court_Rules_2016.pdf,Local Rules
sandusky,http://www.sandusky-county.com/index.php?page=juvenile-probate-court,"Sandusky County Court of Common Pleas, Juvenile and Probate Division"
sandusky,http://www.sandusky-county.org/Clerk/Local_Court_Rules_2016.pdf,Local Rules
sandusky,http://www.sandusky-county.org/Clerk/County%20Courts/Clyde_County_Court/default.asp,Sandusky County Court - District 1 (Clyde)
sandusky,https://sanduskycountyoh.gov/uploads/PDF/7-12-22 CURRENT LOCAL RULES FOR COUNTY COURTS.pdf,Local Rules
sandusky,http://www.sandusky-county.org/Clerk/County%20Courts/Woodville_County_Court/default.asp,Sandusky County Court - District 2 (Woodville)
sandusky,https://sanduskycountyoh.gov/uploads/PDF/7-12-22 CURRENT LOCAL RULES FOR COUNTY COURTS.pdf,Local Rules
scioto,https://sciotocountydrcourt.com/,"Scioto County Court of Common Pleas, Domestic Relations Division"
scioto,https://sciotocountydrcourt.com/wp-content/uploads/2023/06/Scioto-DR-Rules-of-Court-3-15-23.docx.pdf,Local Rules
scioto,http://sciotocountycourtofcommonpleas.org/,"Scioto County Court of Common Pleas, General Division"
scioto,http://sciotocountycourtofcommonpleas.org/resources/,Local Rules
scioto,/docs/Clerk/Local Rules/sciotoCoJuv.pdf,Local Rules
scioto,/docs/Clerk/Local Rules/sciotoCoProbate.pdf,Local Rules
scioto,https://www.pmcourt.org/,Portsmouth Municipal Court
scioto,/docs/Clerk/Local Rules/portsmouthMC.pdf,Local Rules
seneca,http://www.senecacocourts.org/,Seneca County Court of Common Pleas
seneca,https://senecacocourts.org/additional-resources/#rules,Local Rules
seneca,http://www.senecajpcourt.com/,"Seneca County Court of Common Pleas, Juvenile Division"
seneca,http://www.senecajpcourt.com/pdf/localRulesJU-20220201.pdf,Local Rules
seneca,http://www.senecajpcourt.com/,"Seneca County Court of Common Pleas, Probate Division"
seneca,http://www.senecajpcourt.com/pdf/localRulesPR-20230201.pdf,Local Rules
seneca,http://tiffinfostoriamunicipalcourt.org/,Tiffin-Fostoria    Municipal Court
seneca,http://tiffinfostoriamunicipalcourt.org/pdf/localRules-20230227.pdf,Local Rules
shelby,http://co.shelby.oh.us/common-pleas-court-judge/domestic-division,"Shelby County Court of Common Pleas, Domestic Division"
shelby,https://co.shelby.oh.us/wp-content/uploads/2021/02/DR-RULES-EFFECTIVE-FEBRUARY-10-2021.pdf,Local Rules
shelby,http://co.shelby.oh.us/common-pleas-court-judge/general-division,"Shelby     County Court of Common Pleas, General Division"
shelby,https://co.shelby.oh.us/wp-content/uploads/2022/09/Civil-Rules-Effective-September-13-2022-FINAL-1.pdf,Local Rules
shelby,http://www.co.shelby.oh.us/JuvenileCourt/index.asp,"Shelby County Court of Common Pleas, Juvenile Division"
shelby,http://co.shelby.oh.us/juvenile-court/court-rules-and-forms,Local Rules
shelby,http://www.shelbycoprobate.org/,"Shelby County Court of Common Pleas, Probate Division"
shelby,http://www.shelbycoprobate.org/localrules/index.htm,Local Rules
shelby,https://www.sidneyoh.com/329/Municipal-Court,Sidney     Municipal Court
shelby,https://www.sidneyoh.com/DocumentCenter/View/2127/Sidney-Municipal-Court-Rules,Local Rules
stark,http://www.alliancecourt.org/,Alliance      Municipal Court
stark,http://www.alliancecourt.org/forms/CourtRules.pdf,Local Rules
stark,http://www.cantoncourt.org/,Canton Municipal Court
stark,http://www.cantoncourt.org/PDF/CMCLocalRules.pdf,Local Rules
stark,http://www.massilloncourt.org/,Massillon  Municipal Court
stark,http://massillonclerk.org/assets/pdf/CourtRuleFull.pdf,Local Rules
stark,http://www.starkcountyohio.gov/common-pleas,"Stark County Court of Common Pleas, General Division"
stark,https://www.starkcountyohio.gov/government/legal___judicial/court_of_common_pleas/resources/local_rules.php,Local Rules
stark,http://www.probate.co.stark.oh.us/,"Stark County Court of Common Pleas, Probate Division"
stark,http://www.starkcountyohio.gov/probate/local-rules,Local Rules
stark,http://www.starkcountyohio.gov/family-court,Stark County Family Court
stark,https://www.starkcountyohio.gov/government/legal___judicial/family_court/resources/local_rules/index.php,Local Rules
summit,https://www.akronmunicipalcourt.org/,Akron     Municipal Court
summit,https://www.akronmunicipalcourt.org/forms-rules/rules/,Local Rules
summit,http://www.cityofbarberton.com/217/Municipal-Court,Barberton Municipal Court
summit,http://www.cityofbarberton.com/212/Local-Court-Rules,Local Rules
summit,http://www.stowmunicourt.com/,Stow Municipal Court
summit,http://www.stowmunicourt.com/about/court-rules/,Local Rules
summit,http://www.drcourt.org/,"Summit County Court of Common Pleas, Domestic Relations Division"
summit,https://drcourt.org/wp/localrules/,Local Rules
summit,http://www.summitcpcourt.net/,"Summit County Court of Common Pleas, General Division"
summit,http://www.akronlegalnews.com/rules_of_court/common_pleas/general_division_content,Local Rules
summit,https://juvenilecourt.summitoh.net/,"Summit County Court of Common Pleas, Juvenile Division"
summit,https://juvenilecourt.summitoh.net/index.php/information/local-rules,Local Rules
summit,https://summitohioprobate.com/,"Summit County Court of Common Pleas, Probate Division"
summit,http://summitohioprobate.com/local-rules/,Local Rules
trumbull,http://www.girardmunicipalcourt.com/,Girard Municipal Court
trumbull,https://girardmunicipalcourt.com/wp-content/uploads/2021/02/Rules-of-Court-Rev2-4-21.pdf,Local Rules
trumbull,http://newtonfallscourt.com/,Newton Falls Municipal Court
trumbull,http://newtonfallscourt.com/rules.shtml,Local Rules
trumbull,http://www.nilesmunicipalcourt.com/,Niles Municipal Court
trumbull,http://www.nilesmunicipalcourt.com/pdf/rules-20191217.pdf,Local Rules
trumbull,http://www.centralcourt.co.trumbull.oh.us/,Trumbull County Court Central District
trumbull,http://www.centralcourt.co.trumbull.oh.us/pdfs/Local%20Rules.pdf,Local Rules
trumbull,http://www.easterncourt.co.trumbull.oh.us/,Trumbull County Court Eastern District
trumbull,http://www.easterncourt.co.trumbull.oh.us/pdfs/Local%20Rules%20Eastern%20Court.pdf,Local Rules
trumbull,http://commonpleas.co.trumbull.oh.us/,"Trumbull County Court of Common Pleas, General Division"
trumbull,http://commonpleas.co.trumbull.oh.us/pdfs/Common Pleas Rules of Court.pdf,Local Rules
trumbull,http://www.trumbullprobate.org/,"Trumbull County Court of Common Pleas, Probate Division"
trumbull,http://www.trumbullprobate.org/local-rules,Local Rules
trumbull,http://familycourt.co.trumbull.oh.us/,Trumbull County Family Court
trumbull,http://familycourt.co.trumbull.oh.us/pdfs/Local%20Rules_Family%20Court.pdf,Local Rules
trumbull,https://www.warren.org/living/departments/municipal-court,Warren Municipal Court
trumbull,https://www.warren.org/court-rules,Local Rules
tuscarawas,http://www.npmunicipalcourt.org/,New     Philadelphia Municipal Court
tuscarawas,http://www.npmunicipalcourt.org/pdf/localRules-20221222.pdf,Local Rules
tuscarawas,http://www.co.tuscarawas.oh.us/courts,"Tuscarawas County Court of Common Pleas, General Trial Division"
tuscarawas,http://www.co.tuscarawas.oh.us/Courts/local-rules-of-practice,Local Rules
tuscarawas,https://www.co.tuscarawas.oh.us/courts/probate,"Tuscarawas County Court of Common Pleas, Juvenile Division"
tuscarawas,https://www.co.tuscarawas.oh.us/Courts/media/oamhkwqu/local-rules-juvenile-2022-updated-9-6-2022.pdf,Local Rules
tuscarawas,https://www.co.tuscarawas.oh.us/courts/probate,"Tuscarawas County Court of Common Pleas, Probate Division"
tuscarawas,https://www.co.tuscarawas.oh.us/Courts/media/qcnpisep/probate-local-rules-2022-updated-11-9-2022.pdf,Local Rules
tuscarawas,http://www.tusccourtsouthern.com/,Tuscarawas County Court Southern District
tuscarawas,http://www.tusccourtsouthern.com/localrules.html,Local Rules
union,http://municourt.co.union.oh.us/,Marysville Municipal Court
union,/docs/Clerk/Local Rules/marysvilleMC.pdf,Local Rules
union,https://www.unioncountyohio.gov/domestic-relations,"Union County Court of Common Pleas, Domestic Relations Division"
union,http://www.co.union.oh.us/LocalRules/,Local Rules
union,http://www.co.union.oh.us/CommonPleasCourt/,"Union County Court of Common Pleas, General Division"
union,http://www.co.union.oh.us/LocalRules/,Local Rules
union,https://www.unioncountyohio.gov/departments/Probate-JuvenileCourt/JuvenileDivision,"Union County Court of Common Pleas, Juvenile Division"
union,https://www.unioncountyohio.gov/juvenile-court-forms,Local Rules
union,https://www.unioncountyohio.gov/ProbateJuvenile-Divisions,"Union County Court of Common Pleas, Probate Division"
union,https://www.unioncountyohio.gov/ProbateRulesofCourtLocalForms,Local Rules
van-wert,http://www.vwcommonpleas.org/,"Van Wert County Court of Common Pleas, General & Domestic Relations Divisions"
van-wert,https://www.vanwertcountyohio.gov/government/courts/common_pleas_court/rules_of_the_court_.php,Local Rules
van-wert,https://www.vanwertcountyohio.gov/government/courts/probate_and_juvenile_court/index.php,"Van Wert County Court of Common Pleas, Juvenile Division"
van-wert,https://cms5.revize.com/revize/vanwert/Document_Center/Government/Court/Probate%20and%20Juvenile%20Court/Local-Rules-Revised-April-2019.pdf,Local Rules
van-wert,https://www.vanwertcountyohio.gov/government/courts/probate_and_juvenile_court/index.php,"Van Wert County Court of Common Pleas, Probate Division"
van-wert,https://www.vanwertcountyohio.gov/Document_Center/Government/Court/Probate and Juvenile Court/Court Rules Probate.pdf,Local Rules
van-wert,http://www.vwmc.org/,Van Wert Municipal Court
van-wert,http://www.vwmc.org/pdf/localRules-20221229.pdf,Local Rules
vinton,https://www.vintoncountycourt.com/index.php,Vinton County Court
vinton,http://vintonco.com/clerk-of-courts/images/local-court-rules.pdf,Local Rules
vinton,http://www.vintoncounty.com/courthouse-history.html,"Vinton County Court of Common Pleas, General & Domestic Relations Divisions"
vinton,http://vintonco.com/clerk-of-courts/images/local-court-rules.pdf,Local Rules
vinton,/docs/Clerk/Local Rules/vintonCoJD.pdf,Local Rules
vinton,/docs/Clerk/Local Rules/vintonCoPD.pdf,Local Rules
warren,http://www.franklinmunicourt.com/,Franklin Municipal Court
warren,http://www.franklinmunicourt.com/forms/courtrules2012.pdf,Local Rules
warren,http://court.lebanonohio.gov/,Lebanon Municipal Court
warren,http://court.lebanonohio.gov/pdf/localRules-20220418.pdf,Local Rules
warren,http://www.masonmunicipalcourt.org/,Mason Municipal Court
warren,http://www.masonmunicipalcourt.org/Local_Court_Rules.html,Local Rules
warren,http://www.co.warren.oh.us/countycourt/,Warren County Court
warren,https://www.co.warren.oh.us/countycourt/GenInfo/LocalRules.pdf,Local Rules
warren,http://www.co.warren.oh.us/domestic_relations_court/,"Warren County Court of Common Pleas, Domestic Relations Division"
warren,https://www.co.warren.oh.us/domestic_relations_court/LocalRules.pdf,Local Rules
warren,http://www.co.warren.oh.us/commonpleas/default.aspx,"Warren County Court of Common Pleas, General Division"
warren,https://www.co.warren.oh.us/commonpleas/FormsRules/Rules.pdf,Local Rules
warren,http://www.co.warren.oh.us/Probate_juvenile/juvenile/about.aspx,"Warren County Court of Common Pleas, Juvenile Division"
warren,http://www.co.warren.oh.us/Probate_juvenile/juvenile/rules.pdf,Local Rules
warren,http://www.co.warren.oh.us/Probate_juvenile/probate/about.aspx,"Warren County Court of Common Pleas, Probate Division"
warren,http://www.co.warren.oh.us/Probate_juvenile/probate/rules.pdf,Local Rules
washington,http://www.mariettacourt.com/,Marietta Municipal Court
washington,https://www.supremecourt.ohio.gov/docs/Clerk/Local Rules/washingtonCo_mariettamc.pdf,Local Rules
washington,http://www.washingtongov.org/cl-commonpleas.htm,"Washington County Court of Common Pleas, General & Domestic Relations Divisions"
washington,http://www.washingtongov.org/index.aspx?nid=266,Local Rules
washington,http://www.washingtongov.org/cl-juvenile.htm,"Washington County Court of Common Pleas, Juvenile Division"
washington,http://washingtongov.org/juvenile/rules,Local Rules
washington,http://www.washingtongov.org/probate,"Washington County Court of Common Pleas, Probate Division"
washington,https://www.washingtongov.org/DocumentCenter/View/1994/Probate-Court-Local-Rules-PDF?bidId=,Local Rules
wayne,http://www.waynecourtofcommonpleas.org/,"Wayne County Court of Common Pleas, General & Domestic Divisions"
wayne,http://www.waynecourtofcommonpleas.org/resources/local-rules,Local Rules
wayne,http://www.wayneprobateandjuvenile.org/,"Wayne County Court of Common Pleas, Juvenile Division"
wayne,http://www.wayneprobateandjuvenile.org/juvenile/local-rules,Local Rules
wayne,http://www.wayneprobateandjuvenile.org/,"Wayne County Court of Common Pleas, Probate Division"
wayne,http://www.wayneprobateandjuvenile.org/probate/local-rules,Local Rules
wayne,http://www.waynemunicipalcourt.org/,Wayne County    Municipal Court
wayne,http://www.waynemunicipalcourt.org/sites/default/files/local-rules2018.pdf?download=1,Local Rules
williams,http://www.bryanmunicipalcourt.com/,Bryan Municipal Court
williams,https://www.bryanmunicipalcourt.com/pdf/localRules-20210914.pdf,Local Rules
williams,http://www.co.williams.oh.us/403/Common-Pleas-Court,"Williams County Court of Common Pleas, General & Domestic Relations Divisions"
williams,http://www.co.williams.oh.us/528/Local-Rules,Local Rules
williams,http://www.co.williams.oh.us/475/Juvenile-Court,"Williams County Court of Common Pleas, Juvenile Division"
williams,http://www.co.williams.oh.us/558/Local-Rules,Local Rules
williams,https://www.williamscountyoh.gov/475/Juvenile-Probate-Divisions,"Williams County Court of Common Pleas, Probate Division"
williams,https://www.williamscountyoh.gov/558/Local-Rules,Local Rules
wood,http://www.bgcourt.org/,Bowling Green Municipal Court
wood,https://www.bgcourt.org/wp-content/uploads/2023/01/Local-Rules-Final-BGMC-2023.pdf,Local Rules
wood,http://www.perrysburgcourt.com/index.php,Perrysburg Municipal Court
wood,http://www.perrysburgcourt.com/rules.php,Local Rules
wood,http://www.co.wood.oh.us/drcourt/,"Wood County Court of Common Pleas,  Domestic Relations Division"
wood,http://www.co.wood.oh.us/drcourt/localrules.htm,Local Rules
wood,https://courtofcommonpleas.co.wood.oh.us/,"Wood County Court of Common Pleas, General  Division"
wood,https://courtofcommonpleas.co.wood.oh.us/common-pleas-court/rules-of-court/,Local Rules
wood,http://www.co.wood.oh.us/juvenilecourt,"Wood County Court of Common Pleas, Juvenile Division"
wood,https://www.co.wood.oh.us/juvenilecourt/MiscPDF/Local Rules Master 1-1-23.pdf,Local Rules
wood,http://www.probate-court.co.wood.oh.us/,"Wood County Court of Common Pleas, Probate Division"
wood,http://www.probate-court.co.wood.oh.us/rules.php,Local Rules
wyandot,https://www.uppermunicourt.com/,Upper Sandusky Municipal Court
wyandot,https://www.uppermunicourt.com/pdf/rules20160927.pdf,Local Rules
wyandot,/docs/Clerk/Local Rules/wyandotCoGDandDR.pdf,Local Rules
wyandot,http://wyandotjpcourt.com/index.php,Wyandot County Court of Common Pleas Juvenile Division
wyandot,https://www.co.wood.oh.us/juvenilecourt/MiscPDF/JuvenileCourtLocalRules.pdf,Local Rules
wyandot,http://wyandotjpcourt.com/index.php,Wyandot County Court of Common Pleas Probate Division
wyandot,/docs/Clerk/Local Rules/wyandotCoPD.pdf,Local Rules
wyandot,https://ohiocourtofclaims.gov/,Court of Claims of Ohio
wyandot,https://ohiocourtofclaims.gov/rules-statutes.php,Local Rules
