Name,Links
main-nav-menu,[]
adams,"[('https://www.adamscountycourts.com/CountyCourt/home/', 'Adams County Court'), ('https://www.adamscountycourts.com/pdf/localRulesCC-20190213.pdf', 'Local Rules'), ('https://adamscountycourts.com/CommonPleasCourt/home/', 'Adams County Court of Common Pleas'), ('https://adamscountycourts.com/pdf/localRules-20190628.pdf', 'Local Rules')]"
allen,"[('http://www.allencountyohio.com/domestic/cdom.php', 'Allen County Court of Common Pleas, Domestic Relations Division'), ('https://www.allencountyohio.com/wp-content/uploads/2017/05/drlocalrules.pdf', 'Local Rules'), ('http://www.co.allen.oh.us/commonpleas/ccom.php', 'Allen County Court of Common Pleas, General Division'), ('https://clerkofcourts.allencountyohio.com/wp-content/uploads/2022/03/Local-Rules-and-Forms-w-AppendixA-2022.pdf', 'Local Rules'), ('http://www.allenohiojuvenile.com/', 'Allen County Court of Common Pleas,  Juvenile and Probate Divisions'), ('https://allenohioprobate.com/local-rules/', 'Local Rules'), ('http://www.limamunicipalcourt.org/', 'Lima Municipal Court'), ('http://www.cityhall.lima.oh.us/DocumentCenter/View/1179', 'Local Rules')]"
ashland,"[('http://www.ashlandcommonpleas.com/', 'Ashland County Court of Common Pleas, General & Domestic Relations Divisions'), ('http://www.ashlandcommonpleas.com/Forms/Local%20Rules.pdf', 'Local Rules'), ('https://www.ashlandcounty.org/juvenilecourt/', 'Ashland County Court of Common Pleas,  Juvenile Division'), ('https://acjuvenileprobate.org/pdf/localRulesJUV-20210128.pdf', 'Local Rules'), ('https://www.ashlandcounty.org/juvenilecourt/', 'Ashland County Court of Common Pleas,  Probate Division'), ('https://acjuvenileprobate.org/pdf/localRules-20201210.pdf', 'Local Rules'), ('http://www.ashlandmunicourt.com/', 'Ashland Municipal Court'), ('https://www.ashlandmunicourt.com/wp-content/uploads/2022/06/ashland_municipal_court_local_rules_of_court_and_case_management.pdf', 'Local Rules')]"
ashtabula,"[('http://courts.co.ashtabula.oh.us/eastern_county_court.htm', 'Ashtabula County Court, Eastern Division'), ('http://courts.co.ashtabula.oh.us/ea_localrules.htm', 'Local Rules'), ('http://courts.co.ashtabula.oh.us/', 'Ashtabula County Court of Common Pleas, General & Domestic Relations Divisions'), ('http://courts.co.ashtabula.oh.us/rules/cpRules.pdf', 'Local Rules'), ('http://courts.co.ashtabula.oh.us/juvenile_court.htm', 'Ashtabula County Court of Common Pleas, Juvenile Division'), ('http://courts.co.ashtabula.oh.us/jv_localrules.htm', 'Local Rules'), ('http://courts.co.ashtabula.oh.us/probate_court.htm', 'Ashtabula County Court of Common Pleas, Probate Division'), ('http://courts.co.ashtabula.oh.us/rules/pbRules.pdf', 'Local Rules'), ('http://courts.co.ashtabula.oh.us/western_county_court.htm', 'Ashtabula County Court, Western Division'), ('http://courts.co.ashtabula.oh.us/we_localrules.htm', 'Local Rules'), ('http://www.ashtabulamunicourt.com/', 'Ashtabula Municipal Court'), ('http://www.ashtabulamunicourt.com/wordpress/wp-content/uploads/AMENDED-LOCAL-RULES-SEPT.-20-2021.pdf', 'Local Rules'), ('http://www.conneautohio.gov/departments/conneaut_municipal_court/index.php', 'Conneaut Municipal Court'), ('/docs/Clerk/Local Rules/conneautMC.pdf', 'Local Rules')]"
athens,"[('http://www.co.athensoh.org/departments/common_pleas_court.php', 'Athens     County Court of Common Pleas, General and Domestic Relations Divisions'), ('http://www.co.athensoh.org/departments/common_pleas_court.php#revize_document_center_rz707', 'Local Rules'), ('https://www.athenscountypjcourt.com/', 'Athens County Court of Common Pleas, Juvenile Division'), ('/docs/Clerk/Local Rules/athensCoJD.pdf', 'Local Rules'), ('https://www.athenscountypjcourt.com/', 'Athens County Court of Common Pleas, Probate Division'), ('/docs/Clerk/Local Rules/athensCoPD.pdf', 'Local Rules'), ('http://www.ci.athens.oh.us/index.aspx?NID=108', 'Athens County Municipal Court'), ('http://www.ci.athens.oh.us/DocumentCenter/Home/View/61', 'Local Rules')]"
auglaize,"[('https://www2.auglaizecounty.org/courts/court-common-pleas-criminal-and-civil-divisions', 'Auglaize County Court of Common Pleas'), ('https://www2.auglaizecounty.org/sites/default/files/documents/Local Rules of Court Effective July 1%2C 2005%3B Revised January 12%2C 2022.pdf', 'Local Rules'), ('https://www2.auglaizecounty.org/courts/municipal-court', 'Auglaize County Municipal Court'), ('https://www2.auglaizecounty.org/sites/default/files/documents/Auglaize County Municipal Court Local Rules 2021.pdf', 'Local Rules')]"
belmont,"[('http://belmontcountycommonpleas.org/', 'Belmont County Court of Common Pleas, General & Domestic Relations Divisions'), ('http://belmontcountycoc.org/local-rules', 'Local Rules'), ('http://belmontcountyjuvenilecourt.com/', 'Belmont County Court of Common Pleas, Juvenile & Probate Divisions'), ('http://belmontcountyjuvenilecourt.com/local-rules', 'Local Rules'), ('http://www.belmontcountycourts.com/', 'Belmont County Court, Northern, Eastern, & Western Divisions'), ('/docs/Clerk/Local Rules/belmontCC.pdf', 'Local Rules')]"
brown,"[('http://browncountyohiocommonpleascourt.us/', 'Brown County Court of Common Pleas, General & Domestic Relations Divisions'), ('http://browncountyohiocommonpleascourt.us/local-rules/local-rules.html', 'Local Rules'), ('http://www.browncountyohio.gov/index.php/probatejuvenile-judge36', 'Brown County Court of Common Pleas, Juvenile Division'), ('/docs/Clerk/Local Rules/brownCoJD.pdf', 'Local Rules'), ('http://www.browncountyohio.gov/index.php/probatejuvenile-judge36', 'Brown County Court of Common Pleas, Probate Division'), ('/docs/Clerk/Local Rules/brownCoPD.pdf', 'Local Rules'), ('https://www.clerkofcourtsbrowncountyohio.org/homeMC.php', 'Brown     County Municipal Court'), ('https://www.clerkofcourtsbrowncountyohio.org/rulesMC.php', 'Local Rules')]"
butler,"[('http://www.bcareacourts.org/', 'Butler County Area  Courts I, II, and III'), ('https://areacourts.bcohio.gov/local rules 2023.pdf', 'Local Rules'), ('http://www.butlercountydrcourt.org/', 'Butler County Court of Common Pleas, Domestic Relations Division'), ('https://cms5.revize.com/revize/butlercountydrc/documents/Local%20Court%20Rules.pdf', 'Local Rules'), ('http://www.bccommonpleas.org/', 'Butler County Court of Common Pleas, General Division'), ('https://cms5.revize.com/revize/butlercommonpleas/Local_Rules/Local Rules - Revised September 2022.pdf', 'Local Rules'), ('http://www.butlercountyohio.org/juvenilejusticecenter/', 'Butler     County Court of Common Pleas, Juvenile Division'), ('http://www.butlercountyohio.org/juvenilejusticecenter/index.cfm?page=localRules', 'Local Rules'), ('http://www.butlercountyprobatecourt.org/', 'Butler County Court of Common Pleas, Probate Division'), ('https://probatecourt.bcohio.gov/pdf/localRules-20221202.pdf', 'Local Rules'), ('http://www.fairfield-city.org/316/Municipal-Court', 'Fairfield Municipal Court'), ('http://www.fairfield-city.org/345/Court-Rules', 'Local Rules'), ('http://www.hamiltonmunicipalcourt.org/', 'Hamilton Municipal Court'), ('http://www.hamiltonmunicipalcourt.org/HMCCOURTRULES2022.PDF', 'Local Rules'), ('https://www.cityofmiddletown.org/284/Municipal-Court', 'Middletown Municipal Court'), ('https://www.cityofmiddletown.org/DocumentCenter/View/1053/Court-Rules-2018-PDF', 'Local Rules')]"
carroll,"[('http://carrollcountyohio.us/agencies-and-departments/courts/court-of-common-pleas/', 'Carroll County Court of Common Pleas, General & Domestic Relations Divisions'), ('https://carrollcountyohio.us/agencies-and-departments/courts/court-of-common-pleas/', 'Local Rules'), ('http://www.carrollprobatejuvenilecourt.com/', 'Carroll County Court of Common Pleas, Probate & Juvenile Divisions'), ('http://www.carrollprobatejuvenilecourt.com/rules.php', 'Local Rules'), ('http://www.carrollcountycourt.org/', 'Carroll County Municipal Court'), ('/docs/Clerk/Local Rules/carrollMc.pdf', 'Local Rules')]"
champaign,"[('http://www.champaigncourt.org/190/Home', 'Champaign County Court of Common Pleas, General Division'), ('http://www.champaigncourt.org/150/Rules-of-Court', 'Local Rules'), ('http://www.ccfamct.us/', 'Champaign County Family Court'), ('http://www.ccfamct.us/court-rules', 'Local Rules'), ('http://www.champaigncountymunicipalcourt.com/', 'ChampaignCounty Municipal Court'), ('http://www.champaigncountymunicipalcourt.com/court-rules', 'Local Rules')]"
clark,"[('http://www.clarkcountyohio.gov/index.aspx?nid=93', 'Clark County Court of Common Pleas, Domestic Relations Division, Adult Section'), ('http://www.clarkcountyohio.gov/DocumentCenter/View/2787', 'Local Rules'), ('https://www.clarkohiojuvcourt.us/', 'Clark County Court of Common Pleas, Domestic Relations Division, Juvenile Section'), ('https://www.clarkohiojuvcourt.us/wp-content/uploads/2023/01/Local-Rules-2023.pdf', 'Local Rules'), ('http://www.clarkcountyohio.gov/index.aspx?nid=93', 'Clark County Court of Common Pleas, General Division'), ('http://www.clarkcountyohio.gov/DocumentCenter/View/3178', 'Local Rules'), ('http://www.probate.clarkcountyohio.gov/', 'Clark County Court of Common Pleas, Probate Division'), ('http://www.probate.clarkcountyohio.gov/pdf/courtRules-20180619.pdf', 'Local Rules'), ('http://www.clerkofcourts.municipal.co.clark.oh.us/', 'Clark County Municipal Court'), ('https://clerkofcourts.municipal.co.clark.oh.us/web.nsf/RulesPage?OpenForm', 'Local Rules')]"
clermont,"[('http://www.domesticcourt.org/', 'Clermont County Court of Common Pleas, Domestic Relations Division'), ('https://www.domesticcourt.org/wp-content/uploads/sites/36/2018/08/local-rules-2017.pdf', 'Local Rules'), ('http://www.clermontcommonpleas.com/', 'Clermont County Court of Common Pleas, General Division'), ('http://www.clermontcommonpleas.com/localrules.aspx', 'Local Rules'), ('https://probatejuvenile.clermontcountyohio.gov/', 'Clermont County Court of Common Pleas, Juvenile Division'), ('https://probatejuvenile.clermontcountyohio.gov/wp-content/uploads/sites/42/2022/03/Juv-Local-Rule-36-Rev-3-9-2022-3.pdf', 'Local Rules'), ('https://probatejuvenile.clermontcountyohio.gov/', 'Clermont County Court of Common Pleas, Probate Division'), ('https://probatejuvenile.clermontcountyohio.gov/probate-court/local-rules/', 'Local Rules'), ('https://municipal.clermontcountyohio.gov/', 'Clermont     County Municipal Court'), ('https://municipal.clermontcountyohio.gov/wp-content/uploads/sites/37/2019/05/approved-local-rules.pdf', 'Local Rules')]"
clinton,"[('http://www.clintoncountycourts.org/CommonPleasCourt/home/', 'Clinton County Court of Common Pleas, General & Domestic Relations Divisions'), ('http://www.clintoncountycourts.org/CommonPleasCourt/rules/', 'Local Rules'), ('http://www.clintoncountycourts.org/JuvenileCourt/home/', 'Clinton County Court of Common Pleas, Juvenile  Division'), ('http://www.clintoncountycourts.org/JuvenileCourt/rules/', 'Local Rules'), ('http://www.clintoncountycourts.org/ProbateCourt/home/', 'Clinton County Court of Common Pleas, Probate  Division'), ('http://www.clintoncountycourts.org/ProbateCourt/rules/', 'Local Rules'), ('http://www.clintonmunicourt.org/', 'Clinton County Municipal Court'), ('http://www.clintonmunicourt.org/rules.php', 'Local Rules')]"
columbiana,"[('https://www.ccclerk.org/common-pleas-court-2', 'Columbiana County Court of Common Pleas, General & Domestic Relations Divisions'), ('https://www.ccclerk.org/images/pdf/COURT_RULES.pdf', 'Local Rules'), ('http://www.ccjcourt.com/', 'Columbiana County Court of Common Pleas,  Juvenile Division'), ('https://d1ae2aa1-1bbb-4a73-a26c-96715bbc112c.filesusr.com/ugd/13f17c_bdec82cf0b7f4c4189ea3cf2883ab9b7.pdf', 'Local Rules'), ('https://47ce3616-e2e2-47d2-8b03-b0c277f9ddf6.filesusr.com/ugd/13f17c_bdfb00f28bcc40719270d769f9cb5470.pdf', 'Local Rules'), ('https://www.ccclerk.org/municipal-court', 'Columbiana County     Municipal Court'), ('https://www.ccclerk.org/images/pdf/2020-Muni-Local-Rules.PDF', 'Local Rules'), ('http://www.elcourt.org/', 'East Liverpool Municipal Court'), ('http://www.elcourt.org/Forms/court_rules2005.pdf', 'Local Rules')]"
coshocton,"[('http://www.commonpleas.coshoctoncounty.us/domesticgeneralinfo.php', 'Coshocton     County Court of Common Pleas, Domestic Relations Division'), ('http://commonpleas.coshoctoncounty.us/rulesofcourt.php', 'Local Rules'), ('http://www.commonpleas.coshoctoncounty.us/', 'Coshocton     County Court of Common Pleas, General  Division'), ('http://commonpleas.coshoctoncounty.us/rulesofcourt.php', 'Local Rules'), ('https://www.coshoctoncounty.net/probate/', 'Coshocton County Court of Common Pleas, Probate and Juvenile Divisions'), ('https://www.coshoctoncounty.net/probate/court-rules/', 'Local Rules'), ('http://www.coshoctonmunicipalcourt.com/', 'Coshocton Municipal Court'), ('http://www.coshoctonmunicipalcourt.com/rulescont.shtml', 'Local Rules')]"
crawford,"[('http://www.crawfordcocpcourt.org/', 'Crawford County Court of Common Pleas, General & Domestic Relations Divisions'), ('https://www.crawfordcocpcourt.org/local-court-rules/', 'Local Rules'), ('/docs/Clerk/Local Rules/crawfordCoJD.pdf', 'Local Rules'), ('/docs/Clerk/Local Rules/crawfordCoPD.pdf', 'Local Rules'), ('http://www.crawfordcountymuni.org/', 'Crawford County Municipal Court'), ('/docs/Clerk/Local Rules/crawfordMC.pdf', 'Local Rules')]"
cuyahoga,"[('http://www.bedfordmuni.org/', 'Bedford     Municipal Court'), ('https://www.bedfordmuni.org/info/index/57', 'Local Rules'), ('http://www.bereamunicipalcourt.org/', 'Berea Municipal Court'), ('http://www.bereamunicourt.org/info.asp?pageId=57', 'Local Rules'), ('http://www.clevelandheightscourt.com/', 'Cleveland Heights Municipal Court'), ('http://clevelandmunicipalcourt.org/judicial-services/magistrates/local-rules-of-practice-and-procedure/rule-1-the-judiciary', 'Local Rules'), ('http://clevelandmunicipalcourt.org/home.html', 'Cleveland Municipal Court'), ('http://clevelandmunicipalcourt.org/general-division/meet-the-judges/local-rules-of-practice-and-procedure/rule-1-the-judiciary', 'Local Rules'), ('http://www.clevelandhousingcourt.org/', 'Cleveland Municipal Housing Court'), ('http://clevelandmunicipalcourt.org/docs/default-source/cleveland-housing-court/2022-journalized-local-rules-pdf52042c6cc4f76bf3972fff0000463da2.pdf?sfvrsn=69f3473d_0', 'Local Rules'), ('http://domestic.cuyahogacounty.us/en-US/home.aspx', 'Cuyahoga County Court of Common Pleas, Domestic Relations Division'), ('http://domestic.cuyahogacounty.us/en-US/court-rules.aspx', 'Local Rules'), ('http://cp.cuyahogacounty.us/internet/index.aspx', 'Cuyahoga County Court of Common Pleas, General Division'), ('http://cp.cuyahogacounty.us/internet/localRules.aspx', 'Local Rules'), ('http://juvenile.cuyahogacounty.us/en-US/home.aspx', 'Cuyahoga County Court of Common Pleas, Juvenile Division'), ('http://juvenile.cuyahogacounty.us/en-US/local-rules.aspx', 'Local Rules'), ('http://probate.cuyahogacounty.us/', 'Cuyahoga County Court of Common Pleas, Probate Division'), ('http://probate.cuyahogacounty.us/localrule.aspx', 'Local Rules'), ('http://www.eccourt.com/', 'East Cleveland Municipal Court'), ('http://www.eccourt.com/rules_29.html', 'Local Rules'), ('https://www.euclidmunicourt.com/', 'Euclid Municipal Court'), ('https://www.euclidmunicourt.com/media/0yvbuv4m/2023-local-rules.pdf', 'Local Rules'), ('https://www.ghmc.org/', 'Garfield Heights Municipal Court'), ('https://www.ghmc.org/about-the-court/local-rules-court', 'Local Rules'), ('http://www.lakewoodcourtoh.com/', 'Lakewood Municipal Court'), ('http://www.lakewoodcourtoh.com/rulesofcourt.html', 'Local Rules'), ('http://www.lyndhurstmunicipalcourt.org/', 'Lyndhurst Municipal Court'), ('http://www.lyndhurstmunicipalcourt.org/info.asp?pageId=57', 'Local Rules'), ('http://parmamunicourt.org/', 'Parma Municipal Court'), ('http://parmamunicourt.org/info/index/57', 'Local Rules'), ('http://rrcourt.net/', 'Rocky River Municipal Court'), ('http://rrcourt.net/CourtRules_5_1_17.pdf', 'Local Rules'), ('http://www.shakerheightscourt.org/home', 'Shaker Heights Municipal Court'), ('http://www.shakerheightscourt.org/info/index/102', 'Local Rules'), ('http://southeuclidcourt.com/', 'South Euclid Municipal Court'), ('http://southeuclidcourt.com/local-rules-of-court/', 'Local Rules')]"
darke,"[('http://darkecountycommonpleas.com/', 'Darke County Court of Common Pleas, General & Domestic Relations Divisions'), ('https://www.darkecountycommonpleas.com/rules_and_forms/index.php', 'Local Rules'), ('http://www.darkeprobatejuvenile.org/index.php', 'Darke County Court of Common Pleas, Juvenile Division'), ('https://darkeprobatejuvenile.org/juvRules.php', 'Local Rules'), ('http://www.darkeprobatejuvenile.org/', 'Darke County Court of Common Pleas, Probate  Division'), ('https://darkeprobatejuvenile.org/pdf/probateRules-20210914.pdf', 'Local Rules'), ('http://www.darkecourts.com/courts_index.html', 'Darke County Municipal Court'), ('http://www.darkecourts.com/PDFs/Darke_County_Local_Rules.pdf', 'Local Rules')]"
defiance,"[('http://www.defiance-county.com/common-pleas-court', 'Defiance County Court of Common Pleas, General & Domestic Relations Divisions'), ('https://www.defiance-county.com/common-pleas-court/Local_Rules_-_1-31-23.pdf', 'Local Rules'), ('http://www.defiance-county.com/probate-and-juvenile-court/index.php', 'Defiance County Court of Common Pleas, Juvenile Division'), ('https://www.defiance-county.com/probate-and-juvenile-court/forms/juvenile-rules-01012022.pdf', 'Local Rules'), ('http://www.defiance-county.com/probate-and-juvenile-court/index.php', 'Defiance County Court of Common Pleas, Probate Division'), ('https://www.defiance-county.com/probate-and-juvenile-court/forms/probate-division-local-rules_2022.pdf', 'Local Rules'), ('https://www.defiancemunicipalcourt.com/', 'Defiance Municipal Court'), ('https://www.defiancemunicipalcourt.com/pdf/rules.pdf', 'Local Rules')]"
delaware,"[('http://www.co.delaware.oh.us/court/domestic/', 'Delaware County Court of Common Pleas,  Domestic Relations Division'), ('https://www.co.delaware.oh.us/court/domestic/forms/Domestic%20Relations%20Division%20Local%20Rules%20March%202019.pdf', 'Local Rules'), ('https://commonpleas.co.delaware.oh.us/', 'Delaware County Court of Common Pleas, General   Division'), ('https://commonpleas.co.delaware.oh.us/court-rules-and-forms/', 'Local Rules'), ('http://www.co.delaware.oh.us/court/juvenile/', 'Delaware County Court of Common Pleas, Juvenile Division'), ('https://juvenile.co.delaware.oh.us/local-rules-forms/', 'Local Rules'), ('https://probate.co.delaware.oh.us/', 'Delaware County Court of Common Pleas, Probate Division'), ('https://probate.co.delaware.oh.us/localrules/', 'Local Rules'), ('http://www.municipalcourt.org/', 'Delaware     Municipal Court'), ('https://www.delawareohio.net/home/showpublisheddocument/1434/637625435724900000', 'Local Rules')]"
erie,"[('https://www.eriecounty.oh.gov/DomesticRelationsDivision.aspx', 'Erie County Court of Common Pleas,  Domestic Relations Division'), ('https://www.eriecounty.oh.gov/Downloads/rules_only.pdf', 'Local Rules'), ('https://www.eriecounty.oh.gov/GeneralDivision.aspx', 'Erie County Court of Common Pleas, General Division'), ('/docs/Clerk/Local Rules/erieCoGD.pdf', 'Local Rules'), ('https://www.eriecounty.oh.gov/JuvenileCourt.aspx', 'Erie County Court of Common Pleas, Juvenile Division'), ('https://www.eriecounty.oh.gov/RulesandForms.aspx', 'Local Rules'), ('https://www.eriecounty.oh.gov/ProbateCourt.aspx', 'Erie County Court of Common Pleas, Probate Division'), ('https://filecabinet9.eschoolview.com/0AEB9AF2-43DC-4EAF-A284-8C6909BE4A27/LocalCourtRules1991.pdf', 'Local Rules'), ('https://www.eriecounty.oh.gov/municipalcourt.aspx', 'Erie County Municipal Court'), ('https://www.eriecounty.oh.gov/LocalCourtRules.aspx', 'Local Rules'), ('http://www.huronmunicourt.us/', 'Huron Municipal Court'), ('http://www.huronmunicourt.us/rules.php', 'Local Rules'), ('http://www.sanduskymunicipalcourt.org/', 'Sandusky Municipal Court'), ('https://www.sanduskymunicipalcourt.org/pdf/localRules-20230124.pdf', 'Local Rules'), ('http://www.vermilionmunicipalcourt.org/', 'Vermilion Municipal Court'), ('http://www.vermilionmunicipalcourt.org/pdf/localRules-20181218.pdf', 'Local Rules')]"
fairfield,"[('http://www.co.fairfield.oh.us/dr/', 'Fairfield County Court of Common Pleas, Domestic Relations Division'), ('https://www.co.fairfield.oh.us/dr/FC-Local-Rules-of-Court.html', 'Local Rules'), ('http://www.co.fairfield.oh.us/Commonpleas/', 'Fairfield County Court of Common Pleas, General Division'), ('https://www.co.fairfield.oh.us/Commonpleas/pdf/Common-Pleas-Court-General-Divsion-Local-Rules.pdf', 'Local Rules'), ('http://www.fairfieldcountyprobate.com/', 'Fairfield County Court of Common Pleas, Juvenile Division'), ('http://www.fairfieldcountyprobate.com/pdf/jrules.pdf', 'Local Rules'), ('http://www.fairfieldcountyprobate.com/', 'Fairfield County Court of Common Pleas, Probate Division'), ('http://www.fairfieldcountyprobate.com/pdf/prules.pdf', 'Local Rules'), ('http://www.fcmcourt.org/default.aspx', 'Fairfield County Municipal Court'), ('https://www.fcmcourt.org/court_rules_and_procedures', 'Local Rules')]"
fayette,"[('https://www.fayette-co-oh.com/268/Domestic-Relations-Court', 'Fayette County Court of Common Pleas, Domestic Relations Division'), ('https://www.fayette-co-oh.com/DocumentCenter/View/367/Local-Rules-of-Practice-PDF', 'Local Rules'), ('https://www.fayette-co-oh.com/267/Common-Pleas-Court', 'Fayette County Court of Common Pleas, General Division'), ('https://files4.1.revize.com/fayettecountyoh/document_center/Government/Clerk of court/Fayette County Rules of Practice 2022 Filed.pdf', 'Local Rules'), ('https://www.fayette-co-oh.com/269/Juvenile-Court', 'Fayette County Court of Common Pleas, Juvenile Division'), ('https://www.fayette-co-oh.com/DocumentCenter/View/636/Juvenile-Court-Rules-2023-PDF', 'Local Rules'), ('https://www.fayette-co-oh.com/272/Probate-Court', 'Fayette County Court of Common Pleas, Probate Division'), ('https://www.fayette-co-oh.com/DocumentCenter/View/637/Probate-Court-Rules-2023-PDF', 'Local Rules'), ('http://74.219.179.50/', 'Washington Courthouse Municipal Court'), ('http://74.219.179.50/rules.shtml', 'Local Rules')]"
franklin,"[('https://drj.fccourts.org/DRJ.aspx?PN=Domestic.htm', 'Franklin County Court of Common Pleas, Domestic Relations Division'), ('https://drj.fccourts.org/Rules.aspx?rtype=D&rid=1', 'Local Rules'), ('https://www.fccourts.org/', 'Franklin County Court of Common Pleas, General Division'), ('https://www.fccourts.org/173/Local-Rules', 'Local Rules'), ('https://drj.fccourts.org/DRJ.aspx?PN=Juvenile.htm', 'Franklin County Court of Common Pleas, Juvenile Division'), ('https://drj.fccourts.org/Rules.aspx?rtype=J&rid=1', 'Local Rules'), ('http://probate.franklincountyohio.gov/', 'Franklin County Court of Common Pleas, Probate Division'), ('https://probate.franklincountyohio.gov/PBCT-website/media/Documents/PDF/Local-Rules-of-Court-January-2022.pdf', 'Local Rules'), ('https://municipalcourt.franklincountyohio.gov/', 'Franklin     County Municipal Court'), ('https://municipalcourt.franklincountyohio.gov/About/Local-Rules', 'Local Rules')]"
fulton,"[('http://www.fultoncountyoh.com/index.aspx?nid=208', 'Fulton County Court of Common Pleas, General & Domestic Relations Divisions'), ('https://fultoncountyoh.com/DocumentCenter/View/13192/Local-Rules---5-1-2020', 'Local Rules'), ('http://www.fultoncountyoh.com/elected_officials/juvenile_court/juvenile_court.htm', 'Fulton County Court of Common Pleas, Juvenile Division'), ('https://www.fultoncountyoh.com/DocumentCenter/View/13596/2021-Juvenile-Rules', 'Local Rules'), ('http://www.fultoncountyoh.com/elected_officials/probate_court/probate_court.htm', 'Fulton County Court of Common Pleas, Probate Division'), ('http://www.fultoncountyoh.com/DocumentCenter/Home/View/125', 'Local Rules'), ('http://www.fultoncountyoh.com/elected_officials/eastern_district/eastern_district.htm', 'Fulton County Court, Eastern Division'), ('https://www.fultoncountyoh.com/DocumentCenter/View/13242/updated-court-rules-jan-2022?bidId=', 'Local Rules'), ('http://www.fultoncountyoh.com/elected_officials/western_district/western_district.htm', 'Fulton County Court Western Division'), ('https://www.fultoncountyoh.com/DocumentCenter/View/14757/2023-Western-District-Court-Rules', 'Local Rules')]"
gallia,"[('http://gallianet.net/index.php/justice-departments/common-pleas-court/general-information', 'Gallia     County Court of Common Pleas, General & Domestic Divisions'), ('https://gallianet.net/images/Clerk_of_Courts/gcrccp.pdf', 'Local Rules'), ('http://gallianet.net/index.php/justice-departments/juvenile-probate-court/court-information', 'Gallia     County Court of Common Pleas, Probate & Juvenile Divisions'), ('http://gallianet.net/index.php/justice-departments/juvenile-probate-court/rules-of-court', 'Local Rules'), ('http://gmcourt.org/', 'Gallipolis Municipal Court'), ('http://gmcourt.org/pdf/localRules-20210506.pdf', 'Local Rules')]"
geauga,"[('https://co.geauga.oh.us/municourt/', 'Chardon Municipal Court'), ('http://www.co.geauga.oh.us/municourt/Home/LocalRules.aspx', 'Local Rules'), ('http://www.co.geauga.oh.us/commonpleas/General-Division/Domestic-Relations', 'Geauga County Court of Common Pleas, Domestic Relations Division'), ('http://www.co.geauga.oh.us/commonpleas/General-Division/Local-Rules', 'Local Rules'), ('https://co.geauga.oh.us/commonpleas/General-Division', 'Geauga County Court of Common Pleas, General Division'), ('https://co.geauga.oh.us/commonpleas/General-Division/Local-Rules', 'Local Rules'), ('http://www.co.geauga.oh.us/commonpleas/Juvenile.aspx', 'Geauga County Court of Common Pleas, Juvenile Division'), ('https://co.geauga.oh.us/Portals/3/resources/forms/FORMS-JUVENILE/Geauga County Juvenile Local Rules 08-01-22.pdf?ver=ms6bfqPE5a3K4tqY54LQug%3d%3d', 'Local Rules'), ('http://www.co.geauga.oh.us/commonpleas/Probate.aspx', 'Geauga County Court of Common Pleas, Probate Division'), ('https://co.geauga.oh.us/Portals/3/resources/forms/FORMS-PROBATE/Revised Probate - Geauga County Local Rules 11-18-22.pdf', 'Local Rules')]"
greene,"[('http://www.co.greene.oh.us/DRC', 'Greene County Court of Common Pleas, Domestic Relations Division'), ('http://www.co.greene.oh.us/DocumentCenter/View/74', 'Local Rules'), ('https://www.greenecountyohio.gov/402/Common-Pleas-Court', 'Greene County Court of Common Pleas, General Division'), ('https://www.greenecountyohio.gov/DocumentCenter/View/66/Local-Court-Rules-Common-Pleas-Court-PDF', 'Local Rules'), ('http://www.co.greene.oh.us/index.aspx?nid=431', 'Greene County Court of Common Pleas, Juvenile Division'), ('http://www.co.greene.oh.us/DocumentCenter/View/46', 'Local Rules'), ('http://www.co.greene.oh.us/Probate', 'Greene County Court of Common Pleas, Probate Division'), ('https://www.greenecountyohio.gov/DocumentCenter/View/24878/Probate-Court-Local-Rules?bidId', 'Local Rules'), ('http://www.fairbornmunicipalcourt.us/', 'Fairborn Municipal Court'), ('http://www.fairbornmunicipalcourt.us/rules.php', 'Local Rules'), ('http://www.ci.xenia.oh.us/238/Municipal-Court', 'Xenia Municipal Court'), ('https://www.ci.xenia.oh.us/DocumentCenter/View/4634/RULE-OF-COURT-ALL-2019?bidId', 'Local Rules')]"
guernsey,"[('http://www.cambridgeoh.org/court', 'Cambridge     Municipal Court'), ('https://cambridgeoh.org/wp-content/uploads/2021/06/LOCAL-RULES-Effective-6-4-21.pdf', 'Local Rules'), ('http://www.guernseycounty.org/common-pleas-court/common-pleas/domestic-relations-division/', 'Guernsey County Court of Common Pleas, Domestic Relations Division'), ('http://guernseycounty.org/wp-https://guernseycounty.org/wp-content/uploads/2021/06/CURRENT-COURT-RULES-revised-01.15.20.pdf', 'Local Rules'), ('http://guernseycounty.org/common-pleas-court/', 'Guernsey County Court of Common Pleas, General Division'), ('http://guernseycounty.org/?mdocs-file=1071', 'Local Rules'), ('http://www.guernseycounty.org/common-pleas-court/juvenile-court/', 'Guernsey County Court of Common Pleas,  Juvenile Division'), ('https://guernseycounty.org/wp-content/uploads/2021/06/RULESOFCOURTFINAL2020.pdf', 'Local Rules'), ('http://www.guernseycounty.org/common-pleas-court/probate/', 'Guernsey County Court of Common Pleas, Probate Division'), ('https://guernseycounty.org/wp-content/uploads/2021/06/GUERNSEY-COUNTY-LOCAL-RULES.pdf', 'Local Rules')]"
hamilton,"[('http://www.hamilton-co.org/domestic', 'Hamilton County Court of Common Pleas, Domestic Relations Division'), ('http://www.hamiltoncountyohio.gov/government/courts/court_of_domestic_relations/local_rules/', 'Local Rules'), ('http://hamiltoncountycourts.org/index.php/common-pleas', 'Hamilton County Court of Common Pleas, General Division'), ('http://hamiltoncountycourts.org/index.php/local-rules/', 'Local Rules'), ('http://www.hamilton-co.org/juvenilecourt', 'Hamilton County Court of Common Pleas, Juvenile Division'), ('http://www.juvenile-court.org/juvenilecourt/rules/rules_home.asp', 'Local Rules'), ('http://www.probatect.org/', 'Hamilton County Court of Common Pleas, Probate Division'), ('http://www.probatect.org/localrules/index.htm', 'Local Rules'), ('http://hamiltoncountycourts.org/index.php/municipal/', 'Hamilton County Municipal Court'), ('http://hamiltoncountycourts.org/index.php/municipal-local-rules/', 'Local Rules')]"
hancock,"[('http://cp.co.hancock.oh.us/', 'Hancock County Court of Common Pleas, General & Domestic Relations Divisions'), ('http://cp.co.hancock.oh.us/rules-of-court/', 'Local Rules'), ('http://www.co.hancock.oh.us/government-services/probate-juvenile-court/juvenile/general-information', 'Hancock County Court of Common Pleas, Juvenile Division'), ('http://www.co.hancock.oh.us/government-services/probate-juvenile-court/juvenile/local-rules-of-court', 'Local Rules'), ('http://www.co.hancock.oh.us/government-services/probate-juvenile-court/probate/general-information', 'Hancock County Court of Common Pleas, Probate Division'), ('http://www.co.hancock.oh.us/government-services/probate-juvenile-court/probate/local-rules-of-court', 'Local Rules'), ('https://www.findlayohio.com/government/municipal-court', 'Findlay Municipal Court'), ('https://www.findlayohio.com/government/municipal-court/information/court-rules', 'Local Rules')]"
hardin,"[('http://www.hardincourts.com/CPSite/', 'Hardin County Court of Common Pleas, General & Domestic Relations Divisions'), ('http://www.hardincourts.com/CPSite/rules.php', 'Local Rules'), ('http://hardincountyjuvenilecourt.com/', 'Hardin County Court of Common Pleas, Juvenile Division'), ('/docs/Clerk/Local Rules/hardinCoJD.pdf', 'Local Rules'), ('http://hardincountyprobatecourt.com/', 'Hardin County Court of Common Pleas, Probate  Division'), ('/docs/Clerk/Local Rules/hardinCoPD.pdf', 'Local Rules'), ('http://www.hardincourts.com/MCSite/', 'Hardin County Municipal Court'), ('http://www.hardincourts.com/MCSite/pdf/localRules-20220401.pdf', 'Local Rules')]"
harrison,"[('http://www.harrisoncountyohio.org/common-pleas-court/', 'Harrison County Court of Common Pleas, General & Domestic Relations Divisions'), ('https://www.harrisoncountyohio.org/media/Clerk%20of%20Courts/Court%20Rules%202020.pdf', 'Local Rules'), ('http://www.harrisoncountyohio.org/juvenile-court/', 'Harrison County Court of Common Pleas, Juvenile Division'), ('https://www.harrisoncountyohio.org/media/Juvenile%20Media/Rules%20of%20Court%20(EDIT%2008.01.2019).pdf', 'Local Rules'), ('http://www.harrisoncountyohio.org/probate/', 'Harrison County Court of Common Pleas, Probate Division'), ('https://www.harrisoncountyohio.org/media/Juvenile%20Media/Rules%20of%20Court%20(EDIT%2008.01.2019).pdf', 'Local Rules'), ('http://www.harrisoncountyohio.org/court', 'Harrison County Court')]"
henry,"[('https://henrycountyfamilycourt.com/', 'Henry County Family Court'), ('https://henrycountyfamilycourt.files.wordpress.com/2020/06/local-rules-5-1-2020.pdf', 'Local Rules'), ('https://www.henrycountyohio.gov/258/Probate-General-Divisions', 'Henry County Court of Common Pleas, General Division'), ('https://henrycountyfamilycourt.files.wordpress.com/2020/06/local-rules-5-1-2020.pdf', 'Local Rules'), ('http://www.henrycountyfamilycourt.com/', 'Henry County Court of Common Pleas, Juvenile Division'), ('https://henrycountyfamilycourt.files.wordpress.com/2018/09/juvenile-rules-4-2017.pdf', 'Local Rules'), ('https://www.henrycountyohio.gov/258/Probate-General-Divisions', 'Henry County Court of Common Pleas, Probate Division'), ('https://www.defiance-county.com/probate-and-juvenile-court/forms/probate-division-local-rules.pdf', 'Local Rules'), ('http://www.napoleonmunicipalcourt.com/', 'Napoleon Municipal Court'), ('/docs/Clerk/Local Rules/napoleonMC.pdf', 'Local Rules')]"
highland,"[('https://www.hccpc.org/index', 'Highland County Court of Common Pleas, General & Domestic Relations Divisions'), ('https://www.hccpc.org/rules', 'Local Rules'), ('https://highlandjpcourt.com/', 'Highland County Court of Common Pleas, Juvenile Division'), ('https://www.supremecourt.ohio.gov/docs/Clerk/Local%20Rules/highlandCoJD.pdf', 'Local Rules'), ('https://highlandjpcourt.com/', 'Highland County Court of Common Pleas, Probate Division'), ('https://highlandjpcourt.com/pdf/localRules-20210920.pdf', 'Local Rules'), ('https://countycourtgreenfield.com/index.php', 'Highland County Court'), ('https://countycourtgreenfield.com/courtRules.php', 'Local Rules'), ('https://www.hillsboroohio.net/department/index.php?structureid=39', 'Hillsboro Municipal Court'), ('https://www.hillsboroohio.net/egov/documents/1564072965_13391.pdf', 'Local Rules')]"
hocking,"[('http://www.hockingcountycommonpleascourt.com/', 'Hocking County Court of Common Pleas, General & Domestic Relations Divisions'), ('http://www.hockingcountycommonpleascourt.com/sites/default/files/Court%20Rules.pdf', 'Local Rules'), ('https://juvenile.hocking.us/', 'Hocking County Court of Common Pleas, Juvenile Division'), ('https://juvenile.hocking.us/pdf/juvRules-20190904.pdf', 'Local Rules'), ('https://juvenile.hocking.us/', 'Hocking County Court of Common Pleas, Probate Division'), ('https://juvenile.hocking.us/pdf/prbRules-20190606.pdf', 'Local Rules'), ('http://www.hockingcountymunicipalcourt.com/', 'Hocking County Municipal Court'), ('https://www.hockingcountymunicipalcourt.com/sites/default/files/courtRules-20181005.pdf', 'Local Rules')]"
holmes,"[('http://co.holmes.oh.us/common-pleas-court-overview', 'Holmes County Court of Common Pleas, General & Domestic Relations Divisions'), ('http://co.holmes.oh.us/common-pleas-court-document-library', 'Local Rules'), ('http://co.holmes.oh.us/juvenile-court-overview', 'Holmes County Court of Common Pleas, Juvenile Division'), ('https://co.holmes.oh.us/document-library/juvenile-court/942-local-rules-amended-1-23', 'Local Rules'), ('http://co.holmes.oh.us/probate-court-overview', 'Holmes County Court of Common Pleas, Probate Division'), ('https://co.holmes.oh.us/document-library/probate-court/939-probate-local-rules', 'Local Rules'), ('http://www.co.holmes.oh.us/municipal-court-overview', 'Holmes County Municipal Court'), ('http://www.co.holmes.oh.us/municipal-court-document-library/649-local-rules-holmes-county-municipal-court/file', 'Local Rules')]"
huron,"[('http://www.huroncountycommonpleas.org/', 'Huron County Court of Common Pleas, General & Domestic Relations Divisions'), ('http://www.huroncountycommonpleas.org/forms/courtrules.pdf', 'Local Rules'), ('http://www.hcjpc.com/clerk.php', 'Huron County Court of Common Pleas, Juvenile Division'), ('http://www.hcjpc.com/pics/Juvenile_Rules_of_Court.pdf', 'Local Rules'), ('http://www.hcjpc.com/probate.php', 'Huron County Court of Common Pleas, Probate Division'), ('https://www.hcjpc.com/pics/Probate-RulesofCourt.pdf', 'Local Rules'), ('http://www.huronmunicourt.us/', 'Huron Municipal Court'), ('http://www.huronmunicourt.us/rules.php', 'Local Rules'), ('http://www.norwalkmunicourt.com/', 'Norwalk Municipal Court'), ('http://www.norwalkmunicourt.com/rules.php', 'Local Rules')]"
jackson,"[('http://www.jacksoncountyohio.us/elected-officials/common-pleas-court/', 'Jackson County Court of Common Pleas, General & Domestic Relations Divisions'), ('http://www.jcclerk.com/files/Legal%20JACKSON%20COUNTY%20LOCAL%20RULES%20OF%20PROCEDURE.pdf', 'Local Rules'), ('http://www.jacksoncountyohio.us/elected-officials/juvenile-court/', 'Jackson County Court of Common Pleas, Juvenile Division'), ('/docs/Clerk/Local Rules/jacksonCoJD.pdf', 'Local Rules'), ('http://www.jacksoncountyohio.us/elected-officials/probate-court/', 'Jackson County Court of Common Pleas, Probate Division'), ('/docs/Clerk/Local Rules/jacksonCoPD.pdf', 'Local Rules'), ('http://www.jacksoncountymunicipalcourt.com/', 'Jackson County Municipal Court'), ('http://www.jacksoncountymunicipalcourt.com/rules.php', 'Local Rules')]"
jefferson,"[('http://www.jeffersoncountyoh.com/CountyCourts/CommonPleas.aspx', 'Jefferson County Court of Common Pleas, General & Domestic Relations Divisions'), ('/docs/Clerk/Local Rules/jeffersonGDandDR.pdf', 'Local Rules'), ('https://jeffersoncountyprobatejuvenile.com/', 'Jefferson County Court of Common Pleas, Probate Division'), ('https://jeffersoncountyprobatejuvenile.com/wp-content/uploads/2023/01/UPDATED-PROBATE-LOCAL-RULES-2023.pdf', 'Local Rules'), ('https://jeffersoncountyoh.com/', 'Jefferson County Court District I, II, and III'), ('https://jeffersoncountyoh.com/static/documents/107/19911152_County-Court-Local-Rules.pdf', 'Local Rules'), ('https://www.cityofsteubenville.us/government/municipal_court/index.php', 'Steubenville Municipal Court'), ('https://cms8.revize.com/revize/steubenvilleoh/Document_Center/Government/Municipal Court/DOC090722.pdf', 'Local Rules'), ('https://jeffersoncountyprobatejuvenile.com/', 'Jefferson County Court of Common Pleas, Juvenile Division'), ('https://jeffersoncountyprobatejuvenile.com/wp-content/uploads/2023/02/JUVENILE-COURT-LOCAL-RULES-2023.pdf', 'Local Rules')]"
knox,"[('http://www.co.knox.oh.us/commonpleascourt/', 'Knox     County Court of Common Pleas, General & Domestic Relations Divisions'), ('https://co.knox.oh.us/clerk-of-courts/', 'Local Rules'), ('http://knoxpjcourt.com/', 'Knox County Court of Common Pleas, Juvenile Division'), ('http://knoxpjcourt.com/pdf/localRulesJUV-20191017.pdf', 'Local Rules'), ('http://knoxpjcourt.com/', 'Knox County Court of Common Pleas, Probate Division'), ('http://knoxpjcourt.com/pdf/localRulesPRB-20191017.pdf', 'Local Rules'), ('http://www.mountvernonmunicipalcourt.org/', 'Mount Vernon Municipal Court'), ('http://mountvernonmunicipalcourt.org/local-court-rules/', 'Local Rules')]"
lake,"[('https://www.lakecountyohio.gov/common-pleas/', 'Lake     County Court of Common Pleas, General Division'), ('https://www.lakecountyohio.gov/common-pleas/wp-content/uploads/sites/6/2022/01/LAKE-COUNTY-OHIO-COMMON-PLEAS-COURT-GENERAL-DIVISION-Local-Rules-of-Practice-Procedure-As-of-12-31-2021.pdf', 'Local Rules'), ('https://lcdrct.org/', 'Lake County Court of Common Pleas, Domestic Relations Division'), ('https://lcdrct.org/appearing-in-court/rules-of-the-court/', 'Local Rules'), ('https://juvenile.lakecountyohio.gov/', 'Lake County Court of Common Pleas, Juvenile Division'), ('https://juvenile.lakecountyohio.gov/pdf/downloads/Rules%20of%20Court.pdf', 'Local Rules'), ('https://www.lakecountyohio.gov/probate-court/', 'Lake County Court of Common Pleas, Probate Division'), ('https://www.lakecountyohio.gov/probate-court/rules-of-practice-2/', 'Local Rules'), ('http://www.mentormunicipalcourt.org/', 'Mentor     Municipal Court'), ('https://www.mentormunicipalcourt.org/pdf/localRules-20221027.pdf', 'Local Rules'), ('http://www.pmcourt.com/', 'Painesville Municipal Court'), ('https://www.pmcourt.com/pdf/localRules-20230201.pdf', 'Local Rules'), ('http://www.willoughbycourt.com/', 'Willoughby Municipal Court'), ('https://www.willoughbycourt.com/wp-content/uploads/2022/11/Rules-of-Court-11.16.22-1.pdf', 'Local Rules')]"
lawrence,"[('https://www.supremecourt.ohio.gov/docs/Clerk/Local Rules/lawrenceCoGD.pdf', 'Local Rules'), ('https://www.supremecourt.ohio.gov/docs/Clerk/Local Rules/lawrenceCoJD.pdf', 'Local Rules'), ('https://www.supremecourt.ohio.gov/docs/Clerk/Local Rules/lawrenceCoPD.pdf', 'Local Rules'), ('http://www.irontonmuni.com/', 'Ironton Municipal Court'), ('http://www.irontonmuni.com/pdf/localRules-20230207.pdf', 'Local Rules'), ('http://www.lawcomunicourt.com/', 'Lawrence County Municipal Court'), ('http://www.lawcomunicourt.com/pdf/localRules-20170329.pdf', 'Local Rules')]"
licking,"[('http://www.lcounty.com/depts/domestic/default.htm', 'Licking County Court of Common Pleas, Domestic Relations Division'), ('http://www.lcounty.com/depts/domestic/forms_rules.htm', 'Local Rules'), ('https://lickingcounty.gov/depts/pleas/default.htm', 'Licking County Court of Common Pleas, General Division'), ('https://lickingcounty.gov/depts/clerk/rules/default.htm', 'Local Rules'), ('https://www.lcounty.com/depts/probate/default.htm', 'Licking County Court of Common Pleas,  Juvenile Division'), ('/docs/Clerk/Local Rules/lickingCoJD.pdf', 'Local Rules'), ('https://www.lcounty.com/depts/probate/default.htm', 'Licking County Court of Common Pleas, Probate  Division'), ('/docs/Clerk/Local Rules/lickingCoPD.pdf', 'Local Rules'), ('http://www.lcmunicipalcourt.com/', 'Licking     County Municipal Court'), ('http://www.lcmunicipalcourt.com/UserUploads/UserDocuments/Local_Rules_Court_9_23_13.pdf', 'Local Rules')]"
logan,"[('https://www.ci.bellefontaine.oh.us/municipal-court.html', 'Bellefontaine Municipal Court'), ('https://www.ci.bellefontaine.oh.us/uploads/1/2/4/8/124825632/court_rules_2023.pdf', 'Local Rules'), ('http://www.co.logan.oh.us/192/Common-Pleas-Court', 'Logan     County Court of Common Pleas, General Division'), ('http://www.co.logan.oh.us/198/Court-Rules-PDF', 'Local Rules'), ('http://www.co.logan.oh.us/546/Domestic-Relations-Division', 'Logan County Court of Common Pleas, Domestic Relations Division'), ('/docs/Clerk/Local Rules/loganCoDR.pdf', 'Local Rules'), ('http://www.co.logan.oh.us/545/Juvenile-Division', 'Logan County Court of Common Pleas, Juvenile Division'), ('/docs/Clerk/Local Rules/loganCoJD.pdf', 'Local Rules'), ('http://www.co.logan.oh.us/544/Probate-Division', 'Logan County Court of Common Pleas, Probate Division'), ('http://www.co.logan.oh.us/DocumentCenter/View/777', 'Local Rules')]"
lorain,"[('http://www.avonlakecourt.com/', 'Avon Lake     Municipal Court'), ('http://www.avonlakecourt.com/pdf/rules20160201.pdf', 'Local Rules'), ('http://www.elyriamunicourt.org/', 'Elyria Municipal Court'), ('http://www.elyriamunicourt.org/documents/Local_Rules.pdf', 'Local Rules'), ('http://courtofcommonpleas.loraincounty.us/', 'Lorain County Court of Common Pleas, General Division'), ('http://courtofcommonpleas.loraincounty.us/platform/cms/2020/Lorain-County-Revised-Local-Rules-November-2020.pdf', 'Local Rules'), ('http://www.loraincounty.com/domesticrelations/', 'Lorain County Court of Common Pleas, Domestic Relations and Juvenile Divisions'), ('https://www.lcdrc.org/court-rules/', 'Local Rules'), ('http://www.loraincounty.com/probate/', 'Lorain County Court of Common Pleas, Probate Division'), ('http://www.loraincounty.com/probate/pdfs/2019/Loc_%20Rules_2019.pdf', 'Local Rules'), ('http://www.cityoflorain.org/219/Lorain-Municipal-Court', 'Lorain Municipal Court'), ('http://www.cityoflorain.org/DocumentCenter/View/371/Rules-of-Court-PDF?bidId', 'Local Rules'), ('http://www.oberlinmunicipalcourt.org/', 'Oberlin Municipal Court'), ('https://oberlinmunicipalcourt.org/general-information/court-rules/', 'Local Rules')]"
lucas,"[('http://www.co.lucas.oh.us/index.aspx?nid=163', 'Lucas County Court of Common Pleas, Domestic Relations Division'), ('https://www.co.lucas.oh.us/DocumentCenter/View/78386/2021-Local-Rules', 'Local Rules'), ('http://www.co.lucas.oh.us/index.aspx?nid=307', 'Lucas County Court of Common Pleas, General Division'), ('http://www.co.lucas.oh.us/DocumentCenter/View/10856', 'Local Rules'), ('http://www.co.lucas.oh.us/index.aspx?nid=204', 'Lucas County Court of Common Pleas, Juvenile Division'), ('http://www.co.lucas.oh.us/DocumentCenter/View/69525/Local-Rules-Effective-5-1-2018', 'Local Rules'), ('http://www.lucas-co-probate-ct.org/', 'Lucas County Court of Common Pleas, Probate Division'), ('http://www.lucas-co-probate-ct.org/web/guest/local-rules', 'Local Rules'), ('https://maumee.org/municipal-court/', 'Maumee Municipal Court'), ('https://maumee.org/download/maumee-municipal-court-local-rules-of-practice/', 'Local Rules'), ('http://www.oregonmunicipalcourt.us/', 'Oregon Municipal Court'), ('http://www.oregonmunicipalcourt.us/images/pdf/Local-Rules.pdf', 'Local Rules'), ('http://www.sylvaniacourt.com/', 'Sylvania Municipal Court'), ('https://www.sylvaniacourt.com/wp-content/uploads/2020/02/Local-Court-Rules-2020.pdf', 'Local Rules'), ('https://tmc.toledomunicipalcourt.org/', 'Toledo Municipal Court'), ('https://toledomunicipalcourt.org/court-rules/', 'Local Rules')]"
madison,"[('https://www.co.madison.oh.us/departments/court_system/common_pleas/index.php', 'Madison County Court of Common Pleas, General & Domestic Relations Divisions'), ('https://www.co.madison.oh.us/document_center/Common Pleas/COURT_RULES2022.pdf', 'Local Rules'), ('https://www.co.madison.oh.us/departments/court_system/juvenile_probate/index.php', 'Madison County Court of Common Pleas, Juvenile Division'), ('https://www.co.madison.oh.us/JCourt%20Local%20Rules.pdf', 'Local Rules'), ('https://www.co.madison.oh.us/departments/court_system/municipal_court/index.php', 'Madison County  Municipal Court'), ('https://www.co.madison.oh.us/document_center/Municipal Court/municourtrules1.pdf', 'Local Rules'), ('https://www.co.madison.oh.us/departments/court_system/juvenile_probate/index.php', 'Madison County Court of Common Pleas, Probate Division'), ('https://files4.revize.com/madisonoh/probate_rules_2019.pdf', 'Local Rules')]"
mahoning,"[('http://campbellohio.gov/municipal-court.html', 'Campbell Municipal Court'), ('https://www.supremecourt.ohio.gov/Clerk/Local%20Rules/campbellMC.pdf', 'Local Rules'), ('https://www.mahoningcountyoh.gov/699/Domestic-Relations-Court', 'Mahoning County Court of Common Pleas, Domestic Relations Division'), ('http://www.mahoningcountyoh.gov/DocumentCenter/View/21074/Local-Rules-of-Domestic-Court?bidId', 'Local Rules'), ('http://www.mahoningcountyoh.gov/230/Common-Pleas-Court', 'Mahoning County Court of Common Pleas, General Division'), ('/docs/Clerk/Local Rules/mahoningCoGD.pdf', 'Local Rules'), ('http://www.mahoningcountyoh.gov/256/Juvenile-Justice-Court', 'Mahoning County Court of Common Pleas, Juvenile Division'), ('https://www.mahoningcountyoh.gov/DocumentCenter/View/46802/local-rules-2021', 'Local Rules'), ('http://probate.mahoningcountyoh.gov/355/Probate-Court', 'Mahoning County Court of Common Pleas, Probate Division'), ('http://probate.mahoningcountyoh.gov/DocumentCenter/View/195', 'Local Rules'), ('http://www.mahoningcountyoh.gov/247/Mahoning-County-Courts', 'Mahoning County Courts'), ('http://www.mahoningcountyoh.gov/DocumentCenter/View/45225/Mahoning-County-Courts-Local-Rules-Amended-eff-10-1-18', 'Local Rules'), ('http://www.strutherscourt.com/', 'Struthers Municipal Court'), ('http://www.strutherscourt.com/pdf/localRules-20230307.pdf', 'Local Rules'), ('http://www.youngstownmunicipalcourt.org/', 'Youngstown Municipal Court'), ('https://youngstownohio.gov/sites/default/files/forms/Local Rules of Practice.pdf', 'Local Rules')]"
marion,"[('http://www.co.marion.oh.us/familycourt/', 'Marion County Court of Common Pleas, Family Division'), ('http://www.co.marion.oh.us/familycourt/family-court-rules/', 'Local Rules'), ('http://www.co.marion.oh.us/common-pleas-court/', 'Marion County Court of Common Pleas, General Division'), ('http://www.co.marion.oh.us/common-pleas-court/local-rules/', 'Local Rules'), ('http://www.co.marion.oh.us/familycourt/index.php', 'Marion County Court of Common Pleas, Probate Division'), ('http://www.co.marion.oh.us/familycourt/index.php/probate-rules', 'Local Rules'), ('http://www.marionmunicipalcourt.org/', 'Marion County Municipal Court'), ('http://www.marionmunicipalcourt.org/pdf/localRules-20200113.pdf', 'Local Rules')]"
medina,"[('http://www.medinadomesticrelations.org/', 'Medina County Court of Common Pleas, Domestic Relations Division'), ('https://medinadomesticrelations.org/rules-and-forms/', 'Local Rules'), ('https://www.medinaco.org/judge-hutson/', 'Medina County Court of Common Pleas, General Division I'), ('https://www.medinaco.org/wp-content/uploads/2020/01/Local-Rules-2019-2020-as-adopted-1-22-20.pdf', 'Local Rules'), ('https://www.medinaco.org/judge-kimbler/', 'Medina County Court of Common Pleas, General Division II'), ('https://www.medinaco.org/wp-content/uploads/2020/01/Local-Rules-2019-2020-as-adopted-1-22-20.pdf', 'Local Rules'), ('https://medinaprobate.org/', 'Medina County Court of Common Pleas, Probate & Juvenile Divisions'), ('https://medinaprobate.org/local-rules', 'Local Rules'), ('http://www.medinamunicipalcourt.org/index.php', 'Medina     Municipal Court'), ('http://www.medinamunicipalcourt.org/resources/court-rules/', 'Local Rules'), ('http://www.wadsworthmunicipalcourt.com/', 'Wadsworth Municipal Court'), ('http://www.wadsworthmunicipalcourt.com/447/Local-Rules', 'Local Rules')]"
meigs,"[('/docs/Clerk/Local Rules/meigsCO.pdf', 'Local Rules'), ('/docs/Clerk/Local Rules/meigsCoJD.pdf', 'Local Rules'), ('https://meigscountycourt.org/', 'Meigs County Court'), ('http://www.meigscountycourt.org/index.php/court-rules', 'Local Rules')]"
mercer,"[('http://celinamunicipalcourt.org/', 'Celina Municipal Court'), ('https://celinamunicipalcourt.org/wp-content/uploads/2022/01/RULES-OF-COURT-1-2022.pdf', 'Local Rules'), ('http://www.mercercountycourts.com/index.php', 'Mercer County Court of Common Pleas, Juvenile Division'), ('http://www.mercercountycourts.com/pdf/juRules-20210921.pdf', 'Local Rules'), ('https://www.mercercountyohio.org/elected-officials/common-pleas-court/', 'Mercer County Court of Common Pleas, General & Domestic Relations Divisions'), ('https://www.mercercountyohio.org/wp-content/uploads/bsk-pdf-manager/bsk-pdf-manager/2021/06/RulesOfCourt-20210614.pdf', 'Local Rules'), ('http://www.mercercountycourts.com/index.php', 'Mercer County Court of Common Pleas, Probate Division'), ('http://www.mercercountycourts.com/pdf/prbRules-20210922.pdf', 'Local Rules')]"
miami,"[('http://co.miami.oh.us/index.aspx?nid=132', 'Miami County Court of Common Pleas, General & Domestic Relations Divisions'), ('http://co.miami.oh.us/index.aspx?NID=337', 'Local Rules'), ('http://co.miami.oh.us/index.aspx?nid=133', 'Miami County Court of Common Pleas, Juvenile Division'), ('https://co.miami.oh.us/DocumentCenter/View/45425/Local-Court-Rules', 'Local Rules'), ('http://www.co.miami.oh.us/index.aspx?NID=135', 'Miami County Court of Common Pleas, Probate Division'), ('http://www.co.miami.oh.us/index.aspx?NID=287', 'Local Rules'), ('http://co.miami.oh.us/index.aspx?nid=134', 'Miami     County Municipal Court'), ('http://co.miami.oh.us/index.aspx?NID=312', 'Local Rules')]"
monroe,"[('http://www.monroecountyohio.com/government/clerk_of_courts/common_pleas_court/domestic_relations.php', 'Monroe County Court of Common Pleas, Domestic Relations Division'), ('http://www.monroecountyohio.com/Clerk%20of%20Courts/Courts%20Documents/Common%20Pleas%20Local%20Rules.pdf', 'Local Rules'), ('http://www.monroecountyohio.net/government/clerk_of_courts/common_pleas_court/index.php', 'Monroe County Court of Common Pleas, General Division'), ('https://monroecountyohio.com/government/clerk_of_courts/clerk_documents_library.php#revize_document_center_rz76', 'Local Rules'), ('http://www.monroecountyohio.com/government/probate_juvenile_court/index.php', 'Monroe County Court of Common Pleas, Juvenile Division'), ('http://cms5.revize.com/revize/monroecountyoh/Clerk of Courts/Courts Documents/Local Rules Juvenile Court.pdf', 'Local Rules'), ('http://www.monroecountyohio.com/government/probate_juvenile_court/index.php', 'Monroe County Court of Common Pleas, Probate Division'), ('http://cms5.revize.com/revize/monroecountyoh/Clerk of Courts/Courts Documents/Local Rules Probate Court.pdf', 'Local Rules')]"
montgomery,"[('http://www.daytonmunicipalcourt.com/', 'Dayton Municipal Court'), ('https://www.daytonmunicipalcourt.com/pdf/rules/dmc_r_20230101.pdf', 'Local Rules'), ('http://www.ketteringmunicipalcourt.org/', 'KetteringMunicipal Court'), ('https://ketteringmunicipalcourt.com/about/court-local-rules/', 'Local Rules'), ('http://www.miamisburgcourts.com/', 'Miamisburg Municipal Court'), ('https://miamisburgcourts.com/pdf/localRules-20210806.pdf', 'Local Rules'), ('http://www.mcohio.org/dr/', 'Montgomery County Court of Common Pleas, Domestic Relations Division'), ('https://www.mcohio.org/document_center/DomesticRelationsCourt/AMENDED 11-10-22.FINAL LOCAL RULES 1-1-20.pdf', 'Local Rules'), ('http://www.montcourt.oh.gov/', 'Montgomery County Court of Common Pleas, General Division'), ('https://montcourt.oh.gov/court-rules/', 'Local Rules'), ('http://www.mcjcohio.org/', 'Montgomery County Common Pleas Court, Juvenile Division'), ('https://www.mcjcohio.org/wp-content/uploads/2022/09/MCJC-Local-Rules-of-Practice-and-Procedure-07-08-2022.pdf', 'Local Rules'), ('http://www.mcohio.org/probate/', 'Montgomery County Court of Common Pleas, Probate Division'), ('http://www.mcohio.org/government/courts/common_pleas_court_-_probate_division/local_rules.php', 'Local Rules'), ('https://www.mccountycourts.org/Default.cshtml?Division=East', 'Montgomery County Municipal Court Eastern Division'), ('https://www.mccountycourts.org/Downloads/MunicipalCourtsLocalRules.pdf', 'Local Rules'), ('https://www.mccountycourts.org/Default.cshtml?Division=West', 'Montgomery County Municipal Court Western Division'), ('https://www.mccountycourts.org/Downloads/MunicipalCourtsLocalRules.pdf', 'Local Rules'), ('https://court.oakwood.oh.us/index.php', 'Oakwood Municipal Court'), ('https://court.oakwood.oh.us/pdf/localRules-20200129.pdf', 'Local Rules'), ('http://www.vandaliacourt.com/', 'Vandalia Municipal Court'), ('https://vandaliaohio.org/DocumentCenter/Index/137', 'Local Rules')]"
morgan,"[('https://www.morgancounty-oh.gov/countycourt.html', 'Morgan County Court'), ('/docs/Clerk/Local Rules/morganCC.pdf', 'Local Rules'), ('https://www.morgancounty-oh.gov/commonpleascourt.html', 'Morgan County Court of Common Pleas, General and Domestic Relations Divisions'), ('/docs/Clerk/Local Rules/morganCoGDandDR.pdf', 'Local Rules'), ('https://www.morgancounty-oh.gov/commonpleascourt.html', 'Morgan County Court of Common Pleas, Juvenile Division'), ('/docs/Clerk/Local Rules/morganCoJD.pdf', 'Local Rules'), ('https://www.morgancounty-oh.gov/commonpleascourt.html', 'Morgan County Court of Common Pleas, Probate Division'), ('/docs/Clerk/Local Rules/morganCoPD.pdf', 'Local Rules')]"
morrow,"[('http://commonpleas.morrowcountyohio.gov/index.php/menu-styles/domestic-relations-division', 'Morrow County Court of Common Pleas, Domestic Relations Division'), ('https://morrowcountyohio.gov/government/county_elected_officials/common_pleas_court/domestic_relations_rules.php', 'Local Rules'), ('http://commonpleas.morrowcountyohio.gov/index.php/menu-styles/general-division', 'Morrow County Court of Common Pleas, General Division'), ('https://morrowcountyohio.gov/government/county_elected_officials/common_pleas_court/general_rule_of_court.php', 'Local Rules'), ('http://commonpleas.morrowcountyohio.gov/index.php/menu-styles/juvenile-division', 'Morrow County Court of Common Pleas, Juvenile Division'), ('https://morrowcountyohio.gov/government/county_elected_officials/common_pleas_court/juvenile_rules.php', 'Local Rules'), ('http://commonpleas.morrowcountyohio.gov/index.php/menu-styles/probate-division', 'Morrow County Court of Common Pleas, Probate Division'), ('https://morrowcountyohio.gov/government/county_elected_officials/common_pleas_court/probate_rules.php', 'Local Rules'), ('http://www.morrowcountymunict.org/', 'Morrow County Municipal Court'), ('http://www.morrowcountymunict.org/rules.php', 'Local Rules')]"
muskingum,"[('http://www.muskingumcountycourt.org/', 'Muskingum County Court'), ('http://www.muskingumcountycourt.org/courtRules.php', 'Local Rules'), ('https://www.muskingumcountyoh.gov/Courts/Domestic-Relations/#undefined3', 'Muskingum County Court of Common Pleas, Domestic Relations Division'), ('https://www.muskingumcountyoh.gov/Media/Domestic-Relations-Court-Local-Rules.pdf', 'Local Rules'), ('https://www.muskingumcountyoh.gov/Media/Criminal-Court-Rules.pdf', 'Local Rules'), ('/docs/Clerk/Local Rules/muskingumCoJD.pdf', 'Local Rules'), ('https://www.muskingumcountyoh.gov/Courts/Probate/', 'Muskingum County Court of Common Pleas, Probate Division'), ('https://www.muskingumcountyoh.gov/Media/Muskingum-County-PROBATE-AMENDED-LOCAL-COURT-RULES.pdf', 'Local Rules'), ('http://www.coz.org/192/Municipal-Court', 'Zanesville Municipal Court'), ('http://www.coz.org/DocumentCenter/View/160/Local-Rules-of-Courts-DOC', 'Local Rules')]"
noble,"[('https://noblecc.org/', 'Noble County Court'), ('https://noblecc.org/pdf/courtRules-20220608.pdf', 'Local Rules'), ('http://noblecommonpleas.org/index.php', 'Noble County Court of Common Pleas, General Division'), ('http://noblecommonpleas.org/rules.php', 'Local Rules'), ('/docs/Clerk/Local Rules/nobleCoJD.pdf', 'Local Rules'), ('/docs/Clerk/Local Rules/nobleCoPD.pdf', 'Local Rules')]"
ottawa,"[('http://www.ottawacocpcourt.com/', 'Ottawa County Court of Common Pleas, Domestic Relations & General Divisions'), ('https://www.ottawacocpcourt.com/local-rules/', 'Local Rules'), ('http://ottawacountyjuvenilecourt.com/', 'Ottawa County    Court of Common Pleas, Juvenile Division'), ('http://ottawacountyjuvenilecourt.com/local-rules/', 'Local Rules'), ('http://ottawacountyprobatecourt.com/', 'Ottawa County    Court of Common Pleas, Probate Division'), ('http://ottawacountyprobatecourt.com/local-rules/', 'Local Rules'), ('http://www.ottawacountymunicipalcourt.com/', 'Ottawa County Municipal Court'), ('https://www.ottawacountymunicipalcourt.com/pdf/localRules-20230213.pdf', 'Local Rules')]"
paulding,"[('http://www.pauldingcountycourt.com/', 'Paulding County Municipal Court'), ('http://www.pauldingcountycourt.com/pdf/courtRules20170214.pdf', 'Local Rules'), ('http://www.pauldingcommonpleas.com/', 'Paulding County Court of Common Pleas, General & Domestic Relations Divisions'), ('/docs/Clerk/Local Rules/pauldingCoGDandDR.pdf', 'Local Rules'), ('https://www.pauldingjuvenilecourt.com/juvenile-court/', 'Paulding County Court of Common Pleas, Juvenile Division'), ('/docs/Clerk/Local Rules/pauldingCoJD.pdf', 'Local Rules'), ('https://www.pauldingjuvenilecourt.com/probate-court/', 'Paulding County Court of Common Pleas, Probate Division'), ('https://www.pauldingjuvenilecourt.com/wp-content/uploads/2019/05/Paulding-County-Probate-Rules-1988-FULL-COPY.pdf', 'Local Rules')]"
perry,"[('https://www.perrycountycourt.com/CommonPleasCourt/home/', 'Perry County Court of Common Pleas, General & Domestic Relations Divisions'), ('https://www.perrycountycourt.com/pdf/localRulesCP.pdf', 'Local Rules'), ('https://www.perrycountycourt.com/JuvenileCourt/home/', 'Perry County Court of Common Pleas, Juvenile Division'), ('https://www.perrycountycourt.com/pdf/juvRules-20220726.pdf', 'Local Rules'), ('https://www.perrycountycourt.com/ProbateCourt/home/', 'Perry County Court of Common Pleas, Probate Division'), ('https://www.perrycountycourt.com/pdf/probateRules-20211230.pdf', 'Local Rules'), ('http://www.perrycountycourt.com/MunicipalCourt/home/', 'Perry County Municipal Court'), ('http://www.perrycountycourt.com/MunicipalCourt/rules/', 'Local Rules')]"
pickaway,"[('http://www.circlevillecourt.com/', 'Circleville Municipal Court'), ('https://www.supremecourt.ohio.gov/docs/Clerk/Local Rules/pickawayCo_circlevillemc.pdf', 'Local Rules'), ('http://www.pickaway.org/offices/common-pleas/index.html', 'Pickaway County Court of Common Pleas, General & Domestic Relations Divisions'), ('https://pickaway.org/docs/CPRules.pdf', 'Local Rules'), ('http://www.pickawaycourt.com/', 'Pickaway County Court of Common Pleas, Juvenile & Probate Divisions'), ('https://www.pickawaycourt.com/rules/', 'Local Rules')]"
pike,"[('/docs/Clerk/Local Rules/PikeCoGDandDR.pdf', 'Local Rules'), ('http://www.pikecountypjcourt.com/juvMain.php', 'Pike County Court of Common Pleas,  Juvenile Division'), ('http://www.pikecountypjcourt.com/juvRules.php', 'Local Rules'), ('http://www.pikecountypjcourt.com/prbMain.php', 'Pike County Court of Common Pleas, Probate Division'), ('http://www.pikecountypjcourt.com/prbRules.php', 'Local Rules'), ('http://www.pikecountycourt.org/index.shtml', 'Pike County Court'), ('https://www.pikecountycourt.org/pdf/localRules-20201210.pdf', 'Local Rules')]"
portage,"[('https://www.portagecounty-oh.gov/portage-county-domestic-relations-court', 'Portage County Court of Common Pleas, Domestic Relations Division'), ('https://www.co.portage.oh.us/portage-county-domestic-relations-court/pages/domestic-relations-rules-court', 'Local Rules'), ('https://www.portagecounty-oh.gov/common-pleas-court', 'Portage County Court of Common Pleas, General Division'), ('https://www.portagecounty-oh.gov/sites/g/files/vyhlif3706/f/uploads/common_pleas_court_rules.pdf', 'Local Rules'), ('https://www.co.portage.oh.us/juvenileprobate-court', 'Portage County Court of Common Pleas, Juvenile Division'), ('https://www.portagecounty-oh.gov/sites/g/files/vyhlif3706/f/uploads/juvenile_local_rules_1.pdf', 'Local Rules'), ('https://www.co.portage.oh.us/juvenileprobate-court', 'Portage County Court of Common Pleas, Probate Division'), ('https://www.portagecounty-oh.gov/sites/g/files/vyhlif3706/f/uploads/probate_local_rules_2.pdf', 'Local Rules'), ('https://www.portagecounty-oh.gov/municipal-court', 'Portage     County Municipal Court'), ('https://www.portagecounty-oh.gov/sites/g/files/vyhlif3706/f/uploads/local_rules_11-1-22.pdf', 'Local Rules')]"
preble,"[('http://www.eatonmunicipalcourt.com/', 'Eaton Municipal Court'), ('http://www.eatonmunicipalcourt.com/images/pdfs/2016-01-20_COURT_RULES.pdf', 'Local Rules'), ('https://www.preblecountyohio.net/', 'Preble County Court of Common Pleas General & Domestic Relations Divisions'), ('http://preblecountyohio.net/LocalCourt.htm', 'Local Rules'), ('https://prebleohiojuvenileprobate.org/', 'Preble County Court of Common Pleas Juvenile Division'), ('https://prebleohiojuvenileprobate.org/wp-content/uploads/2023/02/Juvenile-local-rules-1.31.23.pdf', 'Local Rules'), ('https://prebleohiojuvenileprobate.org/', 'Preble County Court of Common Pleas Probate Division'), ('https://prebleohiojuvenileprobate.org/wp-content/uploads/2023/02/probate.local-rules.1.31.23.pdf', 'Local Rules')]"
putnam,"[('https://putnamcountyohio.gov/common-pleas-court/', 'Putnam County Court of Common Pleas'), ('https://putnamcountyohio.gov/wp-content/uploads/2021/06/2021-July-CP-Local-Court-rules.pdf', 'Local Rules'), ('https://putnamcountyohio.gov/municipal-court/', 'Putnam County Municipal Court'), ('https://putnamcountyohio.gov/wp-content/uploads/2020/09/2020-Putnam-County-MC-Local-Court-Rules-r1.pdf', 'Local Rules')]"
richland,"[('http://ci.mansfield.oh.us/departments-sp-783975672/municipal-court.html', 'Mansfield Municipal Court'), ('https://mansfieldcourts.com/wp-content/uploads/2021/12/Local-Rules-11-09-2021.pdf', 'Local Rules'), ('http://richlandcourtsoh.us/dr.php', 'Richland County Court of Common Pleas, Domestic Relations Division'), ('http://richlandcourtsoh.us/formdr1.php?formname=LOCALRULES.pdf', 'Local Rules'), ('http://richlandcourtsoh.us/gendiv.php', 'Richland County Court of Common Pleas, General Division'), ('http://richlandcourtsoh.us/formgd.php?formname=gendivrules.pdf', 'Local Rules'), ('https://www.rcjcoh.org/', 'Richland County Court of Common Pleas, Juvenile Division'), ('https://www.rcjcoh.org/about-the-court/local-court-rules', 'Local Rules'), ('https://www.richlandcountyoh.gov/departments/probatecourt', 'Richland County Court of Common Pleas, Probate Division'), ('https://www.richlandcountyoh.gov/departments/probatecourt/LocalRules', 'Local Rules'), ('https://shelbycourt.org/', 'Shelby Municipal Court'), ('https://shelbycourt.org/pdf/localRules-20181211.pdf', 'Local Rules')]"
ross,"[('http://www.chillicothemunicipalcourt.org/', 'Chillicothe     Municipal Court'), ('http://www.chillicothemunicipalcourt.org/rules.asp', 'Local Rules'), ('http://www.rosscountycommonpleas.org/index.html', 'Ross County Court of Common Pleas, General Division'), ('http://www.rosscountycommonpleas.org/docs/Local Rules Effective Dec. 30, 2021, Ross County Common Pleas Court General Division.pdf', 'Local Rules'), ('http://www.rossprobatejuvenile.com/Juvenile.htm', 'Ross County Court of Common Pleas, Juvenile Division'), ('http://www.rossprobatejuvenile.com/Juvenile%20Rules.pdf', 'Local Rules'), ('http://www.rossprobatejuvenile.com/Probate.htm', 'Ross County Court of Common Pleas, Probate Division'), ('http://www.rossprobatejuvenile.com/Probate%20Rules%20UPDATED.pdf', 'Local Rules')]"
sandusky,"[('https://www.villageofbellevuewi.gov/government/municipal_court', 'Bellevue Municipal Court'), ('/docs/Clerk/Local Rules/bellvueMC.pdf', 'Local Rules'), ('http://www.fremontmunicipalcourt.org/', 'Fremont Municipal Court'), ('http://www.fremontmunicipalcourt.org/pdf/localRules-20230220.pdf', 'Local Rules'), ('https://sccommonpleas.com/', 'Sandusky County Court of Common Pleas, General and Domestic Relations Division'), ('https://sccommonpleas.com/wp-content/uploads/2021/09/Local_Court_Rules_2016.pdf', 'Local Rules'), ('http://www.sandusky-county.com/index.php?page=juvenile-probate-court', 'Sandusky County Court of Common Pleas, Juvenile and Probate Division'), ('http://www.sandusky-county.org/Clerk/Local_Court_Rules_2016.pdf', 'Local Rules'), ('http://www.sandusky-county.org/Clerk/County%20Courts/Clyde_County_Court/default.asp', 'Sandusky County Court - District 1 (Clyde)'), ('https://sanduskycountyoh.gov/uploads/PDF/7-12-22 CURRENT LOCAL RULES FOR COUNTY COURTS.pdf', 'Local Rules'), ('http://www.sandusky-county.org/Clerk/County%20Courts/Woodville_County_Court/default.asp', 'Sandusky County Court - District 2 (Woodville)'), ('https://sanduskycountyoh.gov/uploads/PDF/7-12-22 CURRENT LOCAL RULES FOR COUNTY COURTS.pdf', 'Local Rules')]"
scioto,"[('https://sciotocountydrcourt.com/', 'Scioto County Court of Common Pleas, Domestic Relations Division'), ('https://sciotocountydrcourt.com/wp-content/uploads/2023/06/Scioto-DR-Rules-of-Court-3-15-23.docx.pdf', 'Local Rules'), ('http://sciotocountycourtofcommonpleas.org/', 'Scioto County Court of Common Pleas, General Division'), ('http://sciotocountycourtofcommonpleas.org/resources/', 'Local Rules'), ('/docs/Clerk/Local Rules/sciotoCoJuv.pdf', 'Local Rules'), ('/docs/Clerk/Local Rules/sciotoCoProbate.pdf', 'Local Rules'), ('https://www.pmcourt.org/', 'Portsmouth Municipal Court'), ('/docs/Clerk/Local Rules/portsmouthMC.pdf', 'Local Rules')]"
seneca,"[('http://www.senecacocourts.org/', 'Seneca County Court of Common Pleas'), ('https://senecacocourts.org/additional-resources/#rules', 'Local Rules'), ('http://www.senecajpcourt.com/', 'Seneca County Court of Common Pleas, Juvenile Division'), ('http://www.senecajpcourt.com/pdf/localRulesJU-20220201.pdf', 'Local Rules'), ('http://www.senecajpcourt.com/', 'Seneca County Court of Common Pleas, Probate Division'), ('http://www.senecajpcourt.com/pdf/localRulesPR-20230201.pdf', 'Local Rules'), ('http://tiffinfostoriamunicipalcourt.org/', 'Tiffin-Fostoria    Municipal Court'), ('http://tiffinfostoriamunicipalcourt.org/pdf/localRules-20230227.pdf', 'Local Rules')]"
shelby,"[('http://co.shelby.oh.us/common-pleas-court-judge/domestic-division', 'Shelby County Court of Common Pleas, Domestic Division'), ('https://co.shelby.oh.us/wp-content/uploads/2021/02/DR-RULES-EFFECTIVE-FEBRUARY-10-2021.pdf', 'Local Rules'), ('http://co.shelby.oh.us/common-pleas-court-judge/general-division', 'Shelby     County Court of Common Pleas, General Division'), ('https://co.shelby.oh.us/wp-content/uploads/2022/09/Civil-Rules-Effective-September-13-2022-FINAL-1.pdf', 'Local Rules'), ('http://www.co.shelby.oh.us/JuvenileCourt/index.asp', 'Shelby County Court of Common Pleas, Juvenile Division'), ('http://co.shelby.oh.us/juvenile-court/court-rules-and-forms', 'Local Rules'), ('http://www.shelbycoprobate.org/', 'Shelby County Court of Common Pleas, Probate Division'), ('http://www.shelbycoprobate.org/localrules/index.htm', 'Local Rules'), ('https://www.sidneyoh.com/329/Municipal-Court', 'Sidney     Municipal Court'), ('https://www.sidneyoh.com/DocumentCenter/View/2127/Sidney-Municipal-Court-Rules', 'Local Rules')]"
stark,"[('http://www.alliancecourt.org/', 'Alliance      Municipal Court'), ('http://www.alliancecourt.org/forms/CourtRules.pdf', 'Local Rules'), ('http://www.cantoncourt.org/', 'Canton Municipal Court'), ('http://www.cantoncourt.org/PDF/CMCLocalRules.pdf', 'Local Rules'), ('http://www.massilloncourt.org/', 'Massillon  Municipal Court'), ('http://massillonclerk.org/assets/pdf/CourtRuleFull.pdf', 'Local Rules'), ('http://www.starkcountyohio.gov/common-pleas', 'Stark County Court of Common Pleas, General Division'), ('https://www.starkcountyohio.gov/government/legal___judicial/court_of_common_pleas/resources/local_rules.php', 'Local Rules'), ('http://www.probate.co.stark.oh.us/', 'Stark County Court of Common Pleas, Probate Division'), ('http://www.starkcountyohio.gov/probate/local-rules', 'Local Rules'), ('http://www.starkcountyohio.gov/family-court', 'Stark County Family Court'), ('https://www.starkcountyohio.gov/government/legal___judicial/family_court/resources/local_rules/index.php', 'Local Rules')]"
summit,"[('https://www.akronmunicipalcourt.org/', 'Akron     Municipal Court'), ('https://www.akronmunicipalcourt.org/forms-rules/rules/', 'Local Rules'), ('http://www.cityofbarberton.com/217/Municipal-Court', 'Barberton Municipal Court'), ('http://www.cityofbarberton.com/212/Local-Court-Rules', 'Local Rules'), ('http://www.stowmunicourt.com/', 'Stow Municipal Court'), ('http://www.stowmunicourt.com/about/court-rules/', 'Local Rules'), ('http://www.drcourt.org/', 'Summit County Court of Common Pleas, Domestic Relations Division'), ('https://drcourt.org/wp/localrules/', 'Local Rules'), ('http://www.summitcpcourt.net/', 'Summit County Court of Common Pleas, General Division'), ('http://www.akronlegalnews.com/rules_of_court/common_pleas/general_division_content', 'Local Rules'), ('https://juvenilecourt.summitoh.net/', 'Summit County Court of Common Pleas, Juvenile Division'), ('https://juvenilecourt.summitoh.net/index.php/information/local-rules', 'Local Rules'), ('https://summitohioprobate.com/', 'Summit County Court of Common Pleas, Probate Division'), ('http://summitohioprobate.com/local-rules/', 'Local Rules')]"
trumbull,"[('http://www.girardmunicipalcourt.com/', 'Girard Municipal Court'), ('https://girardmunicipalcourt.com/wp-content/uploads/2021/02/Rules-of-Court-Rev2-4-21.pdf', 'Local Rules'), ('http://newtonfallscourt.com/', 'Newton Falls Municipal Court'), ('http://newtonfallscourt.com/rules.shtml', 'Local Rules'), ('http://www.nilesmunicipalcourt.com/', 'Niles Municipal Court'), ('http://www.nilesmunicipalcourt.com/pdf/rules-20191217.pdf', 'Local Rules'), ('http://www.centralcourt.co.trumbull.oh.us/', 'Trumbull County Court Central District'), ('http://www.centralcourt.co.trumbull.oh.us/pdfs/Local%20Rules.pdf', 'Local Rules'), ('http://www.easterncourt.co.trumbull.oh.us/', 'Trumbull County Court Eastern District'), ('http://www.easterncourt.co.trumbull.oh.us/pdfs/Local%20Rules%20Eastern%20Court.pdf', 'Local Rules'), ('http://commonpleas.co.trumbull.oh.us/', 'Trumbull County Court of Common Pleas, General Division'), ('http://commonpleas.co.trumbull.oh.us/pdfs/Common Pleas Rules of Court.pdf', 'Local Rules'), ('http://www.trumbullprobate.org/', 'Trumbull County Court of Common Pleas, Probate Division'), ('http://www.trumbullprobate.org/local-rules', 'Local Rules'), ('http://familycourt.co.trumbull.oh.us/', 'Trumbull County Family Court'), ('http://familycourt.co.trumbull.oh.us/pdfs/Local%20Rules_Family%20Court.pdf', 'Local Rules'), ('https://www.warren.org/living/departments/municipal-court', 'Warren Municipal Court'), ('https://www.warren.org/court-rules', 'Local Rules')]"
tuscarawas,"[('http://www.npmunicipalcourt.org/', 'New     Philadelphia Municipal Court'), ('http://www.npmunicipalcourt.org/pdf/localRules-20221222.pdf', 'Local Rules'), ('http://www.co.tuscarawas.oh.us/courts', 'Tuscarawas County Court of Common Pleas, General Trial Division'), ('http://www.co.tuscarawas.oh.us/Courts/local-rules-of-practice', 'Local Rules'), ('https://www.co.tuscarawas.oh.us/courts/probate', 'Tuscarawas County Court of Common Pleas, Juvenile Division'), ('https://www.co.tuscarawas.oh.us/Courts/media/oamhkwqu/local-rules-juvenile-2022-updated-9-6-2022.pdf', 'Local Rules'), ('https://www.co.tuscarawas.oh.us/courts/probate', 'Tuscarawas County Court of Common Pleas, Probate Division'), ('https://www.co.tuscarawas.oh.us/Courts/media/qcnpisep/probate-local-rules-2022-updated-11-9-2022.pdf', 'Local Rules'), ('http://www.tusccourtsouthern.com/', 'Tuscarawas County Court Southern District'), ('http://www.tusccourtsouthern.com/localrules.html', 'Local Rules')]"
union,"[('http://municourt.co.union.oh.us/', 'Marysville Municipal Court'), ('/docs/Clerk/Local Rules/marysvilleMC.pdf', 'Local Rules'), ('https://www.unioncountyohio.gov/domestic-relations', 'Union County Court of Common Pleas, Domestic Relations Division'), ('http://www.co.union.oh.us/LocalRules/', 'Local Rules'), ('http://www.co.union.oh.us/CommonPleasCourt/', 'Union County Court of Common Pleas, General Division'), ('http://www.co.union.oh.us/LocalRules/', 'Local Rules'), ('https://www.unioncountyohio.gov/departments/Probate-JuvenileCourt/JuvenileDivision', 'Union County Court of Common Pleas, Juvenile Division'), ('https://www.unioncountyohio.gov/juvenile-court-forms', 'Local Rules'), ('https://www.unioncountyohio.gov/ProbateJuvenile-Divisions', 'Union County Court of Common Pleas, Probate Division'), ('https://www.unioncountyohio.gov/ProbateRulesofCourtLocalForms', 'Local Rules')]"
van-wert,"[('http://www.vwcommonpleas.org/', 'Van Wert County Court of Common Pleas, General & Domestic Relations Divisions'), ('https://www.vanwertcountyohio.gov/government/courts/common_pleas_court/rules_of_the_court_.php', 'Local Rules'), ('https://www.vanwertcountyohio.gov/government/courts/probate_and_juvenile_court/index.php', 'Van Wert County Court of Common Pleas, Juvenile Division'), ('https://cms5.revize.com/revize/vanwert/Document_Center/Government/Court/Probate%20and%20Juvenile%20Court/Local-Rules-Revised-April-2019.pdf', 'Local Rules'), ('https://www.vanwertcountyohio.gov/government/courts/probate_and_juvenile_court/index.php', 'Van Wert County Court of Common Pleas, Probate Division'), ('https://www.vanwertcountyohio.gov/Document_Center/Government/Court/Probate and Juvenile Court/Court Rules Probate.pdf', 'Local Rules'), ('http://www.vwmc.org/', 'Van Wert Municipal Court'), ('http://www.vwmc.org/pdf/localRules-20221229.pdf', 'Local Rules')]"
vinton,"[('https://www.vintoncountycourt.com/index.php', 'Vinton County Court'), ('http://vintonco.com/clerk-of-courts/images/local-court-rules.pdf', 'Local Rules'), ('http://www.vintoncounty.com/courthouse-history.html', 'Vinton County Court of Common Pleas, General & Domestic Relations Divisions'), ('http://vintonco.com/clerk-of-courts/images/local-court-rules.pdf', 'Local Rules'), ('/docs/Clerk/Local Rules/vintonCoJD.pdf', 'Local Rules'), ('/docs/Clerk/Local Rules/vintonCoPD.pdf', 'Local Rules')]"
warren,"[('http://www.franklinmunicourt.com/', 'Franklin Municipal Court'), ('http://www.franklinmunicourt.com/forms/courtrules2012.pdf', 'Local Rules'), ('http://court.lebanonohio.gov/', 'Lebanon Municipal Court'), ('http://court.lebanonohio.gov/pdf/localRules-20220418.pdf', 'Local Rules'), ('http://www.masonmunicipalcourt.org/', 'Mason Municipal Court'), ('http://www.masonmunicipalcourt.org/Local_Court_Rules.html', 'Local Rules'), ('http://www.co.warren.oh.us/countycourt/', 'Warren County Court'), ('https://www.co.warren.oh.us/countycourt/GenInfo/LocalRules.pdf', 'Local Rules'), ('http://www.co.warren.oh.us/domestic_relations_court/', 'Warren County Court of Common Pleas, Domestic Relations Division'), ('https://www.co.warren.oh.us/domestic_relations_court/LocalRules.pdf', 'Local Rules'), ('http://www.co.warren.oh.us/commonpleas/default.aspx', 'Warren County Court of Common Pleas, General Division'), ('https://www.co.warren.oh.us/commonpleas/FormsRules/Rules.pdf', 'Local Rules'), ('http://www.co.warren.oh.us/Probate_juvenile/juvenile/about.aspx', 'Warren County Court of Common Pleas, Juvenile Division'), ('http://www.co.warren.oh.us/Probate_juvenile/juvenile/rules.pdf', 'Local Rules'), ('http://www.co.warren.oh.us/Probate_juvenile/probate/about.aspx', 'Warren County Court of Common Pleas, Probate Division'), ('http://www.co.warren.oh.us/Probate_juvenile/probate/rules.pdf', 'Local Rules')]"
washington,"[('http://www.mariettacourt.com/', 'Marietta Municipal Court'), ('https://www.supremecourt.ohio.gov/docs/Clerk/Local Rules/washingtonCo_mariettamc.pdf', 'Local Rules'), ('http://www.washingtongov.org/cl-commonpleas.htm', 'Washington County Court of Common Pleas, General & Domestic Relations Divisions'), ('http://www.washingtongov.org/index.aspx?nid=266', 'Local Rules'), ('http://www.washingtongov.org/cl-juvenile.htm', 'Washington County Court of Common Pleas, Juvenile Division'), ('http://washingtongov.org/juvenile/rules', 'Local Rules'), ('http://www.washingtongov.org/probate', 'Washington County Court of Common Pleas, Probate Division'), ('https://www.washingtongov.org/DocumentCenter/View/1994/Probate-Court-Local-Rules-PDF?bidId=', 'Local Rules')]"
wayne,"[('http://www.waynecourtofcommonpleas.org/', 'Wayne County Court of Common Pleas, General & Domestic Divisions'), ('http://www.waynecourtofcommonpleas.org/resources/local-rules', 'Local Rules'), ('http://www.wayneprobateandjuvenile.org/', 'Wayne County Court of Common Pleas, Juvenile Division'), ('http://www.wayneprobateandjuvenile.org/juvenile/local-rules', 'Local Rules'), ('http://www.wayneprobateandjuvenile.org/', 'Wayne County Court of Common Pleas, Probate Division'), ('http://www.wayneprobateandjuvenile.org/probate/local-rules', 'Local Rules'), ('http://www.waynemunicipalcourt.org/', 'Wayne County    Municipal Court'), ('http://www.waynemunicipalcourt.org/sites/default/files/local-rules2018.pdf?download=1', 'Local Rules')]"
williams,"[('http://www.bryanmunicipalcourt.com/', 'Bryan Municipal Court'), ('https://www.bryanmunicipalcourt.com/pdf/localRules-20210914.pdf', 'Local Rules'), ('http://www.co.williams.oh.us/403/Common-Pleas-Court', 'Williams County Court of Common Pleas, General & Domestic Relations Divisions'), ('http://www.co.williams.oh.us/528/Local-Rules', 'Local Rules'), ('http://www.co.williams.oh.us/475/Juvenile-Court', 'Williams County Court of Common Pleas, Juvenile Division'), ('http://www.co.williams.oh.us/558/Local-Rules', 'Local Rules'), ('https://www.williamscountyoh.gov/475/Juvenile-Probate-Divisions', 'Williams County Court of Common Pleas, Probate Division'), ('https://www.williamscountyoh.gov/558/Local-Rules', 'Local Rules')]"
wood,"[('http://www.bgcourt.org/', 'Bowling Green Municipal Court'), ('https://www.bgcourt.org/wp-content/uploads/2023/01/Local-Rules-Final-BGMC-2023.pdf', 'Local Rules'), ('http://www.perrysburgcourt.com/index.php', 'Perrysburg Municipal Court'), ('http://www.perrysburgcourt.com/rules.php', 'Local Rules'), ('http://www.co.wood.oh.us/drcourt/', 'Wood County Court of Common Pleas,  Domestic Relations Division'), ('http://www.co.wood.oh.us/drcourt/localrules.htm', 'Local Rules'), ('https://courtofcommonpleas.co.wood.oh.us/', 'Wood County Court of Common Pleas, General  Division'), ('https://courtofcommonpleas.co.wood.oh.us/common-pleas-court/rules-of-court/', 'Local Rules'), ('http://www.co.wood.oh.us/juvenilecourt', 'Wood County Court of Common Pleas, Juvenile Division'), ('https://www.co.wood.oh.us/juvenilecourt/MiscPDF/Local Rules Master 1-1-23.pdf', 'Local Rules'), ('http://www.probate-court.co.wood.oh.us/', 'Wood County Court of Common Pleas, Probate Division'), ('http://www.probate-court.co.wood.oh.us/rules.php', 'Local Rules')]"
wyandot,"[('https://www.uppermunicourt.com/', 'Upper Sandusky Municipal Court'), ('https://www.uppermunicourt.com/pdf/rules20160927.pdf', 'Local Rules'), ('/docs/Clerk/Local Rules/wyandotCoGDandDR.pdf', 'Local Rules'), ('http://wyandotjpcourt.com/index.php', 'Wyandot County Court of Common Pleas Juvenile Division'), ('https://www.co.wood.oh.us/juvenilecourt/MiscPDF/JuvenileCourtLocalRules.pdf', 'Local Rules'), ('http://wyandotjpcourt.com/index.php', 'Wyandot County Court of Common Pleas Probate Division'), ('/docs/Clerk/Local Rules/wyandotCoPD.pdf', 'Local Rules'), ('https://ohiocourtofclaims.gov/', 'Court of Claims of Ohio'), ('https://ohiocourtofclaims.gov/rules-statutes.php', 'Local Rules')]"
